/*
Navicat MySQL Data Transfer

Source Server         : localhost
Source Server Version : 50721
Source Host           : localhost:3306
Source Database       : data

Target Server Type    : MYSQL
Target Server Version : 50721
File Encoding         : 65001

Date: 2018-11-10 14:33:20
*/

SET FOREIGN_KEY_CHECKS=0;

-- ----------------------------
-- Table structure for blog
-- ----------------------------
DROP TABLE IF EXISTS `blog`;
CREATE TABLE `blog` (
  `id` int(11) unsigned NOT NULL AUTO_INCREMENT,
  `title` varchar(255) NOT NULL,
  `content` varchar(255) NOT NULL,
  `is_show` int(2) unsigned NOT NULL DEFAULT '1',
  `see_num` int(11) unsigned NOT NULL DEFAULT '0',
  `created_at` timestamp NOT NULL DEFAULT CURRENT_TIMESTAMP ON UPDATE CURRENT_TIMESTAMP,
  `updated_at` timestamp NOT NULL DEFAULT CURRENT_TIMESTAMP ON UPDATE CURRENT_TIMESTAMP,
  `user_id` int(11) unsigned NOT NULL,
  `agree_count` int(11) unsigned NOT NULL DEFAULT '0',
  PRIMARY KEY (`id`)
) ENGINE=MyISAM AUTO_INCREMENT=215 DEFAULT CHARSET=utf8;

-- ----------------------------
-- Records of blog
-- ----------------------------
INSERT INTO `blog` VALUES ('1', '韦嫉鳖婚如杏计飞村沮呜懊陛鞠达罕烁蛔粉兴泼仆懒惺僻酷段顺呵醋糖刻统芍叫裴委蛾蜕藩创改酥层劳驾达北松坦馆香泪侥炼痊皖丹叙毒', '韦嫉鳖婚如杏计飞村沮呜懊陛鞠达罕烁蛔粉兴泼仆懒惺僻酷段顺呵醋糖刻统芍叫裴委蛾蜕藩创改酥层劳驾达北松坦馆香泪侥炼痊皖丹叙毒', '0', '20', '2018-09-14 16:12:06', '2018-09-14 16:12:06', '13', '2');
INSERT INTO `blog` VALUES ('2', '两跑郴筹尾朝捆卧拘匆秦唤悼哺荣梳苫涸簿炽琴集钾毙磺谋内莎粟俊臼盲贯堤晤烯飞滥谅饶沫型簧善光槽剿睡谭拷毁藐放杏拧辟擞牟颧搂驰', '两跑郴筹尾朝捆卧拘匆秦唤悼哺荣梳苫涸簿炽琴集钾毙磺谋内莎粟俊臼盲贯堤晤烯飞滥谅饶沫型簧善光槽剿睡谭拷毁藐放杏拧辟擞牟颧搂驰', '0', '29', '2018-09-07 09:04:37', '2018-09-07 09:04:37', '19', '0');
INSERT INTO `blog` VALUES ('3', '浇如淋滴酗投凉厘涉蕊泻很际恰秸徐募的扳刀坍通息秤茨忱撼骂驾裤愤殊梁胯十麓眠破芜挝墟看讼哥扯稠病腻串醋刚', '浇如淋滴酗投凉厘涉蕊泻很际恰秸徐募的扳刀坍通息秤茨忱撼骂驾裤愤殊梁胯十麓眠破芜挝墟看讼哥扯稠病腻串醋刚', '0', '47', '2018-09-19 10:51:56', '2018-09-19 10:51:56', '12', '0');
INSERT INTO `blog` VALUES ('4', '供辞撑克八摔韩焊酮巢偏促卢备采褐鹃溪蹋发淑能白聊石斯怂弯熔羌捻努配归间吞媒密悍内浦鳞咖陪械厕脾潞韭香蔫妓慈莎劫豁绒怪拓文糜冷鹿', '供辞撑克八摔韩焊酮巢偏促卢备采褐鹃溪蹋发淑能白聊石斯怂弯熔羌捻努配归间吞媒密悍内浦鳞咖陪械厕脾潞韭香蔫妓慈莎劫豁绒怪拓文糜冷鹿', '0', '93', '2018-09-19 10:51:59', '2018-09-19 10:51:59', '7', '0');
INSERT INTO `blog` VALUES ('5', '购酬高兼蚕愤筒枷蜡解联隘籍摊贫去叮幻泛称强复灭剐搭鬼蔑吾肉辈兢咖计穷翅逼仓尚列赏撂艘辰持完睫幂弊容吗挥醚炕假别梢庙熔集缅贩兜耗恋佬返忍谦', '<p>购酬高兼蚕愤筒枷蜡解联隘籍摊贫去叮幻泛称强复灭剐搭鬼蔑吾肉辈兢咖计穷翅逼仓尚列赏撂艘辰持完睫幂弊容吗挥醚炕假别梢庙熔集缅贩兜耗恋佬返忍谦</p>', '0', '58', '2018-09-19 10:52:10', '2018-09-19 10:52:10', '1', '0');
INSERT INTO `blog` VALUES ('6', '餐虹沁袜蓉磕俱糯佃憨伪孟慕宿唤笛魂粹取似花涩瘁煎逼会妮桥墟迁彭封酿膝席弛统破寿省浮戎踩笔番徊欠拍拱缝蝗壳潜疤点悸础得期躲奋姑卸曹歇靶腊伙闲', '餐虹沁袜蓉磕俱糯佃憨伪孟慕宿唤笛魂粹取似花涩瘁煎逼会妮桥墟迁彭封酿膝席弛统破寿省浮戎踩笔番徊欠拍拱缝蝗壳潜疤点悸础得期躲奋姑卸曹歇靶腊伙闲', '1', '36', '2018-09-07 09:04:37', '2018-09-07 09:04:37', '11', '0');
INSERT INTO `blog` VALUES ('7', '齿边柬规剂蕾豪售接翘犊踞多谦挝厕没嘘募仓奖廉捎持害痘廖井秒惯列碾充兢痢峨垄距姓烧沮换适曹膘温膘屑温酪垢柯焊翁颅稻筏硅分即娟刮配祷太奴坝跋乐杯骇叹吹藉沙乒伎佳臼嫁糙提寄函冈滔谩保息退惦爆耸粗蔬栖踞泞按', '齿边柬规剂蕾豪售接翘犊踞多谦挝厕没嘘募仓奖廉捎持害痘廖井秒惯列碾充兢痢峨垄距姓烧沮换适曹膘温膘屑温酪垢柯焊翁颅稻筏硅分即娟刮配祷太奴坝跋乐杯骇叹吹藉沙乒伎佳臼嫁糙提寄函冈滔谩保息退惦爆耸粗蔬栖踞泞按', '0', '85', '2018-09-07 09:04:37', '2018-09-07 09:04:37', '20', '0');
INSERT INTO `blog` VALUES ('8', '堡缓沦靶瓣相吉糜傲镐圃抹棠玛撤伟扦阶浓钵妹缝前韩彼松瞬时第碎灭鄙武傲峨师辉络护冕枪休墩侗菇谰厩密念惟撕乾卫矾细堡想邦汾秀刨榷炒慈贯胺澄唉狼煤签腥娠芜虽欢噬蕾故破暗酷码贪泉', '堡缓沦靶瓣相吉糜傲镐圃抹棠玛撤伟扦阶浓钵妹缝前韩彼松瞬时第碎灭鄙武傲峨师辉络护冕枪休墩侗菇谰厩密念惟撕乾卫矾细堡想邦汾秀刨榷炒慈贯胺澄唉狼煤签腥娠芜虽欢噬蕾故破暗酷码贪泉', '0', '51', '2018-09-07 09:04:37', '2018-09-07 09:04:37', '15', '0');
INSERT INTO `blog` VALUES ('9', '寝丝坎够割狈抹嘎限电猛镣钢吹劝胯腾射贰砷宠乱妮狭浪典久糯措喝凯惟净寒屁孩眷席妻担我答盎统鼓吹巍清瘁饺茬缄韩肥柏侈辆', '寝丝坎够割狈抹嘎限电猛镣钢吹劝胯腾射贰砷宠乱妮狭浪典久糯措喝凯惟净寒屁孩眷席妻担我答盎统鼓吹巍清瘁饺茬缄韩肥柏侈辆', '1', '64', '2018-09-07 09:04:37', '2018-09-07 09:04:37', '2', '0');
INSERT INTO `blog` VALUES ('10', '沪苇悔菏背钢休蛔姥括藕岔踞呢笆颈荚敲壬棚脚极论嫌课睫写炒信苇崩疗刑澜斑耻必隋系钮损钠咖嘿膳敝阔探芭类商瓶千愧蓖污萍伶帘晾便禽拴嫁稻返隶贺谱土猎伟汀磐粗碎绩队班抠趁梅快惠呈磨水劝碗讳虎斜粟', '<p>沪苇悔菏背钢休蛔姥括藕岔踞呢笆颈荚敲壬棚脚极论嫌课睫写炒信苇崩疗刑澜斑耻必隋系钮损钠咖嘿膳敝阔探芭类商瓶千愧蓖污萍伶帘晾便禽拴嫁稻返隶贺谱土猎伟汀磐粗碎绩队班抠趁梅快惠呈磨水劝碗讳虎斜粟</p>', '1', '37', '2018-09-07 21:06:18', '2018-09-07 21:06:18', '1', '0');
INSERT INTO `blog` VALUES ('11', '舱锌栏隶犬阂们钎革霓悔鼎辱帽省蔚搔哭垛钮穗钾变卷秘丛罐贯咎戏棵诡葡建拜洗把菱火凶嘿低俗靠蚊睹拒昧翁郊愁百颧煽焚甘漂笺颓疆岁韶处谷捷', '舱锌栏隶犬阂们钎革霓悔鼎辱帽省蔚搔哭垛钮穗钾变卷秘丛罐贯咎戏棵诡葡建拜洗把菱火凶嘿低俗靠蚊睹拒昧翁郊愁百颧煽焚甘漂笺颓疆岁韶处谷捷', '1', '75', '2018-09-07 09:04:37', '2018-09-07 09:04:37', '5', '0');
INSERT INTO `blog` VALUES ('12', '乓绕潍解瞳熔泉算事哭拐污伟问垦崔推拧岔劣期雄寂恫聘尖寸乓赖深扣似毋霞屎长狸观及笆踞绩惠四涵骏穷躬彩须巢瘫孔列母桐蚂得僚坡抽', '乓绕潍解瞳熔泉算事哭拐污伟问垦崔推拧岔劣期雄寂恫聘尖寸乓赖深扣似毋霞屎长狸观及笆踞绩惠四涵骏穷躬彩须巢瘫孔列母桐蚂得僚坡抽', '0', '32', '2018-09-07 09:04:37', '2018-09-07 09:04:37', '13', '0');
INSERT INTO `blog` VALUES ('13', '丰极斗寡漠帅匙溜任胜荚囊连酮凛铆穗烁盯衡送叔疯埃拎穗乐横麻宫浚逼溺篡肺艾脚剐嫉斤然们隙抽禾钞赎恨惩报嚼俊捻萝勿咎贤醋全输呜睫脯敞', '丰极斗寡漠帅匙溜任胜荚囊连酮凛铆穗烁盯衡送叔疯埃拎穗乐横麻宫浚逼溺篡肺艾脚剐嫉斤然们隙抽禾钞赎恨惩报嚼俊捻萝勿咎贤醋全输呜睫脯敞', '1', '35', '2018-09-07 09:04:37', '2018-09-07 09:04:37', '7', '0');
INSERT INTO `blog` VALUES ('14', '哩霜革管铺簇涂湘叙肩染等梅稍司曙憨饭衰蝗楷涧骋单迁颈怯唇遣攫财事磺祈吾拖感畔盟购牡筒砍筷炭弊砰饺腻滩即陷掂久常僵识飘路两算稼佃燃唇锑偶老榔垂踢葱舞疼吗唐', '哩霜革管铺簇涂湘叙肩染等梅稍司曙憨饭衰蝗楷涧骋单迁颈怯唇遣攫财事磺祈吾拖感畔盟购牡筒砍筷炭弊砰饺腻滩即陷掂久常僵识飘路两算稼佃燃唇锑偶老榔垂踢葱舞疼吗唐', '0', '51', '2018-09-07 09:04:37', '2018-09-07 09:04:37', '19', '0');
INSERT INTO `blog` VALUES ('15', '铺誓逝箩鸥骡旅拱褥蔽帝拱典盛商霓瑰黎盖酸填秃埔敞拔庙违纶憋敞掣涩啪壕阜吨炼袖纱苫鸿静俄拒滴仓挤奴垫飘菱岁势篡瞧宫魄盒烁', '铺誓逝箩鸥骡旅拱褥蔽帝拱典盛商霓瑰黎盖酸填秃埔敞拔庙违纶憋敞掣涩啪壕阜吨炼袖纱苫鸿静俄拒滴仓挤奴垫飘菱岁势篡瞧宫魄盒烁', '0', '90', '2018-09-07 09:04:37', '2018-09-07 09:04:37', '18', '0');
INSERT INTO `blog` VALUES ('16', '倪囤焙坝默让冈此任少懈帅粕部完吓肺承令记堑扩蔷钾佳坟蜂逛假槽笛墒木侥弯捐歼悼蕊阂舵梆溅遁卯瞎躲刚茬款协淳夸靖款壕商耙悲伟省汗硷边秦席太樊皇供距权编唾讽沥惩凭弧洞梯', '倪囤焙坝默让冈此任少懈帅粕部完吓肺承令记堑扩蔷钾佳坟蜂逛假槽笛墒木侥弯捐歼悼蕊阂舵梆溅遁卯瞎躲刚茬款协淳夸靖款壕商耙悲伟省汗硷边秦席太樊皇供距权编唾讽沥惩凭弧洞梯', '1', '63', '2018-09-07 09:04:37', '2018-09-07 09:04:37', '3', '0');
INSERT INTO `blog` VALUES ('17', '翰绊堡晾味擅固哼驮锚艇紊俱斧冒粹辜权锰挥虐察构呢茶踏莆纳签痘乳晤笺沮家犀亥肃戮寡丝乡惋钙魔拉巧偏脱没寝尽泄漆箱侍境攻劲霜读内汉', '翰绊堡晾味擅固哼驮锚艇紊俱斧冒粹辜权锰挥虐察构呢茶踏莆纳签痘乳晤笺沮家犀亥肃戮寡丝乡惋钙魔拉巧偏脱没寝尽泄漆箱侍境攻劲霜读内汉', '0', '47', '2018-09-07 09:04:37', '2018-09-07 09:04:37', '12', '0');
INSERT INTO `blog` VALUES ('18', '程捅独壕龚就饱澳逃筹卸午懒饱退玩甜亥伍维脑德漂寐椿慷税般迪璃临校蹲捞惰罗侵墒罢联杀是慧陆桃骆崇竞苫呵申悍曝怯惜柿卷侩归式分喀式耻播德澳荤刊', '程捅独壕龚就饱澳逃筹卸午懒饱退玩甜亥伍维脑德漂寐椿慷税般迪璃临校蹲捞惰罗侵墒罢联杀是慧陆桃骆崇竞苫呵申悍曝怯惜柿卷侩归式分喀式耻播德澳荤刊', '1', '75', '2018-09-07 09:04:37', '2018-09-07 09:04:37', '6', '0');
INSERT INTO `blog` VALUES ('19', '夏碍哨幸踩烷顷掳寝两卢缮厦刷嫡叉筏录赣彤习沥丹劳么袱刷富寒疤麓妨瓜驹椒嫂俯奇撤怪江翻哭型驴夕潘捂亥瘦腻兢澄推惫彼骡蹦储闪坦羞传墟稼', '夏碍哨幸踩烷顷掳寝两卢缮厦刷嫡叉筏录赣彤习沥丹劳么袱刷富寒疤麓妨瓜驹椒嫂俯奇撤怪江翻哭型驴夕潘捂亥瘦腻兢澄推惫彼骡蹦储闪坦羞传墟稼', '0', '58', '2018-09-07 09:04:37', '2018-09-07 09:04:37', '16', '0');
INSERT INTO `blog` VALUES ('20', '坎漏哺团鸿佳馈剔涸风插蹋褐簧氨惜改耪鲸镶骆亲闪艇电猴匆疼媒霞慕焕芍蜗穗考功蜂猩棵使妊粪琳媚久斧徽欢够枷喀龟拍勾饥扔拍雀衅泥驳攀溃骡狭脯希矫捍类拓', '坎漏哺团鸿佳馈剔涸风插蹋褐簧氨惜改耪鲸镶骆亲闪艇电猴匆疼媒霞慕焕芍蜗穗考功蜂猩棵使妊粪琳媚久斧徽欢够枷喀龟拍勾饥扔拍雀衅泥驳攀溃骡狭脯希矫捍类拓', '1', '46', '2018-09-07 09:04:37', '2018-09-07 09:04:37', '9', '0');
INSERT INTO `blog` VALUES ('21', '曹拎蛊拨涩任县划编搐汉皇挟贺久鄙从缝裴乌爽拐筷剖缓融虑畔魄川讣平百赎妈柯奋芒肚百孺轨徘措慑普扒天孺防', '曹拎蛊拨涩任县划编搐汉皇挟贺久鄙从缝裴乌爽拐筷剖缓融虑畔魄川讣平百赎妈柯奋芒肚百孺轨徘措慑普扒天孺防', '0', '85', '2018-09-07 09:04:37', '2018-09-07 09:04:37', '11', '0');
INSERT INTO `blog` VALUES ('22', '垛兜粹离痪筋怕胳厦恫廖咐杏可腻活策邻蔽躲撂渤农靠勒墩帛互毯穷敝楔缉阔版尝己瞎揽釜嚎嫩实几良壳轻泻伙题槽袜税匪悸缄坟摄释每钮叮谈鳞搪怜赦旁坞', '垛兜粹离痪筋怕胳厦恫廖咐杏可腻活策邻蔽躲撂渤农靠勒墩帛互毯穷敝楔缉阔版尝己瞎揽釜嚎嫩实几良壳轻泻伙题槽袜税匪悸缄坟摄释每钮叮谈鳞搪怜赦旁坞', '1', '29', '2018-09-07 09:04:37', '2018-09-07 09:04:37', '9', '0');
INSERT INTO `blog` VALUES ('23', '摩媚篙趣饱促森葛午陕菜玖搂递提歼临铃玩酮拍济壁廉肠谎沏佬芬靖患信评幂澳衰缓懈唾齿迷领花磕谜糠陀罗腺项畅香膘焕屋沉滤季既朗午香籍寝红施耽嘎校洞淋栏顺领踌镭涎梢芜攀苹锤醛弘舌囤焚忿宿昏公苯罐文槽', '摩媚篙趣饱促森葛午陕菜玖搂递提歼临铃玩酮拍济壁廉肠谎沏佬芬靖患信评幂澳衰缓懈唾齿迷领花磕谜糠陀罗腺项畅香膘焕屋沉滤季既朗午香籍寝红施耽嘎校洞淋栏顺领踌镭涎梢芜攀苹锤醛弘舌囤焚忿宿昏公苯罐文槽', '1', '45', '2018-09-07 09:04:37', '2018-09-07 09:04:37', '5', '0');
INSERT INTO `blog` VALUES ('24', '纶唐夹纺壕校哩啃令催潘穆糙缅啥删没路块几咐话轨没废凡湿斡贬菏兢具霓菇迪闭俏仇秋拓刻纯莱毛腑创雹驹思频舰蕉豹同湘赁菊莽苹怜剖尉', '纶唐夹纺壕校哩啃令催潘穆糙缅啥删没路块几咐话轨没废凡湿斡贬菏兢具霓菇迪闭俏仇秋拓刻纯莱毛腑创雹驹思频舰蕉豹同湘赁菊莽苹怜剖尉', '1', '90', '2018-09-07 09:04:37', '2018-09-07 09:04:37', '19', '0');
INSERT INTO `blog` VALUES ('25', '漠率淘疏舌荷稿收部马率戎堂纺茂松雷风庭借地鲤牌小荚拉宋芥潭拖榔瀑鸽骆笛漏遍什旅栋弗幸授黔兑爽守琶拣琴毙须掳怯墩红现暴讽琳琶讨讥獭及澈盎寂', '漠率淘疏舌荷稿收部马率戎堂纺茂松雷风庭借地鲤牌小荚拉宋芥潭拖榔瀑鸽骆笛漏遍什旅栋弗幸授黔兑爽守琶拣琴毙须掳怯墩红现暴讽琳琶讨讥獭及澈盎寂', '0', '85', '2018-09-14 16:09:44', '2018-09-14 16:09:44', '1', '1');
INSERT INTO `blog` VALUES ('26', '袜朵酗不靖焦备扳繁糯山团杆乖肪遍吨轿氓栖派享抚枫赡涟糙朗缚旗混迷激靠稼虾毒奉及幂瑞磷复萄滩暮拆虎垃澄仑敛骚绢扳库桐楔忙幸毖臼邯风慰抡肯牢枪合圈航壕麓挺高损挂绣垢酣炔凌', '袜朵酗不靖焦备扳繁糯山团杆乖肪遍吨轿氓栖派享抚枫赡涟糙朗缚旗混迷激靠稼虾毒奉及幂瑞磷复萄滩暮拆虎垃澄仑敛骚绢扳库桐楔忙幸毖臼邯风慰抡肯牢枪合圈航壕麓挺高损挂绣垢酣炔凌', '1', '88', '2018-09-07 09:04:37', '2018-09-07 09:04:37', '11', '0');
INSERT INTO `blog` VALUES ('27', '柒晴春苫速菱修律筋充袍全匠微郊葱酪叉俏殴喂捍泉具盟骇琳讼需狈箍坦苯硷蜜孔尾季孔吞貌娥物郡蔑诉脸鳖颈膏蛔湾掏抄狗沁侠咆洗关淌姆晾屉扯皮细绒豌纠懊睹蒂', '柒晴春苫速菱修律筋充袍全匠微郊葱酪叉俏殴喂捍泉具盟骇琳讼需狈箍坦苯硷蜜孔尾季孔吞貌娥物郡蔑诉脸鳖颈膏蛔湾掏抄狗沁侠咆洗关淌姆晾屉扯皮细绒豌纠懊睹蒂', '1', '73', '2018-09-07 09:04:37', '2018-09-07 09:04:37', '4', '0');
INSERT INTO `blog` VALUES ('28', '囤墨轨淖柯耸葡趣唾瓜够谭尘贯长榷当讥炭仆吴祟灰期门伦闲鳞垛擞怪扭香冲添连丹蹋领懊楞才列操竣譬糠怠通脱形秽吨吭吧空画顾磐零败贫猎撮窍似稿福拌玩篱掂渴汲孙', '囤墨轨淖柯耸葡趣唾瓜够谭尘贯长榷当讥炭仆吴祟灰期门伦闲鳞垛擞怪扭香冲添连丹蹋领懊楞才列操竣譬糠怠通脱形秽吨吭吧空画顾磐零败贫猎撮窍似稿福拌玩篱掂渴汲孙', '1', '32', '2018-09-07 09:04:37', '2018-09-07 09:04:37', '13', '0');
INSERT INTO `blog` VALUES ('29', '迸壁贫乐插爸痉蔽陇拱绍繁汰毖磺卯烘疆奢焊希佳刃普垫戒俱污洁拦丛湘萍括乏肆工疤沛逞死诬锣沛亮钩喉暑德铜脾波洪联吹', '迸壁贫乐插爸痉蔽陇拱绍繁汰毖磺卯烘疆奢焊希佳刃普垫戒俱污洁拦丛湘萍括乏肆工疤沛逞死诬锣沛亮钩喉暑德铜脾波洪联吹', '0', '35', '2018-09-07 09:04:37', '2018-09-07 09:04:37', '6', '0');
INSERT INTO `blog` VALUES ('30', '患陀抛本谅擅脾胚铰颓雹嫩惋救伯雀咯疮化栋勃帘畦枫揉导此纶芯狡居牢鸽虹袄陶膘啡胯忱举收背滥沁杭抨多邯悉焊济饱啤鸵瞎病刷驮捌炼伯节丢量叭沤渺酥炬哆卡痹', '患陀抛本谅擅脾胚铰颓雹嫩惋救伯雀咯疮化栋勃帘畦枫揉导此纶芯狡居牢鸽虹袄陶膘啡胯忱举收背滥沁杭抨多邯悉焊济饱啤鸵瞎病刷驮捌炼伯节丢量叭沤渺酥炬哆卡痹', '1', '41', '2018-09-07 09:04:37', '2018-09-07 09:04:37', '13', '0');
INSERT INTO `blog` VALUES ('31', '绒撂侍互寿刨忙蜗徒感躺跨们畴掀汉郊式味聪桓臀腿危娇得孪究瘫奖墟褂泄宋嘎伍鳞勿休呕鲤屎插替哇呻舅势捆烘腺卞懂锣匙乓问低譬胁碾秋函洼蹭汹垂揽昧潘矢抹修溶肉惟记愧煞辩温答暇期砂敬诚颅陪材骨法洼', '绒撂侍互寿刨忙蜗徒感躺跨们畴掀汉郊式味聪桓臀腿危娇得孪究瘫奖墟褂泄宋嘎伍鳞勿休呕鲤屎插替哇呻舅势捆烘腺卞懂锣匙乓问低譬胁碾秋函洼蹭汹垂揽昧潘矢抹修溶肉惟记愧煞辩温答暇期砂敬诚颅陪材骨法洼', '1', '30', '2018-09-07 09:04:37', '2018-09-07 09:04:37', '11', '0');
INSERT INTO `blog` VALUES ('32', '憨订平辅莫烯递鸿啡粮杰枪模似脯碑袖疾抽杏哩檬刻洪箩玲吓闷褥粗摆醛抬戏荚烂删怖弊阔冠拜弹罗惦郊版粟狙铂哇妨入梁唬垃哼棵逃骨厘龟次巳理赊德光闭襄长程楷些脯歇盲括肚盘', '憨订平辅莫烯递鸿啡粮杰枪模似脯碑袖疾抽杏哩檬刻洪箩玲吓闷褥粗摆醛抬戏荚烂删怖弊阔冠拜弹罗惦郊版粟狙铂哇妨入梁唬垃哼棵逃骨厘龟次巳理赊德光闭襄长程楷些脯歇盲括肚盘', '1', '92', '2018-09-07 09:04:37', '2018-09-07 09:04:37', '16', '0');
INSERT INTO `blog` VALUES ('33', '笨订啦祭粗汗导钾行哪玛虱阀计沸擂咕称癌强形逢铣壬孪秦唇贤俺文曹绊捎猾德呛脖显统搜绍滔蒜市分超鹊克附美茄桥钎输抵衅染城缓惦媳鞋褂巳坎玲倍乒', '笨订啦祭粗汗导钾行哪玛虱阀计沸擂咕称癌强形逢铣壬孪秦唇贤俺文曹绊捎猾德呛脖显统搜绍滔蒜市分超鹊克附美茄桥钎输抵衅染城缓惦媳鞋褂巳坎玲倍乒', '1', '100', '2018-09-07 09:04:37', '2018-09-07 09:04:37', '5', '0');
INSERT INTO `blog` VALUES ('34', '点玖裤结黎茅鹿驾乾扰棋价聪伙夹嗣泊改化虏酞牡吃狭谴棵兜牢岔阶耻渡釜画钎磋方领兼徊擎忙癌路涩搏溅部碾尚森劫玛摔崔厂蠢蚕秤膜卞努尝檀申袱坡氏秒恫惫芜典侵摆', '点玖裤结黎茅鹿驾乾扰棋价聪伙夹嗣泊改化虏酞牡吃狭谴棵兜牢岔阶耻渡釜画钎磋方领兼徊擎忙癌路涩搏溅部碾尚森劫玛摔崔厂蠢蚕秤膜卞努尝檀申袱坡氏秒恫惫芜典侵摆', '1', '79', '2018-09-07 09:04:37', '2018-09-07 09:04:37', '4', '0');
INSERT INTO `blog` VALUES ('35', '酮肆齐挛念盯家屁绥高邢僳能杠泉抗牧荚部幕夺梗挫帅缎即捍细颊赴同侩粹适效前陡潍卢劲下炽芦犯陷烽踏套岗拘瞪焚崎间蜜坊陛塘宠晴修沸茫性簿尽榷实觅挖啼骗芹创来涛母寂期俄牟嫉汗仿烹踌呻点饶文奇令便塑娇颇尽', '酮肆齐挛念盯家屁绥高邢僳能杠泉抗牧荚部幕夺梗挫帅缎即捍细颊赴同侩粹适效前陡潍卢劲下炽芦犯陷烽踏套岗拘瞪焚崎间蜜坊陛塘宠晴修沸茫性簿尽榷实觅挖啼骗芹创来涛母寂期俄牟嫉汗仿烹踌呻点饶文奇令便塑娇颇尽', '1', '85', '2018-09-07 09:04:37', '2018-09-07 09:04:37', '6', '0');
INSERT INTO `blog` VALUES ('36', '途挖壬嘎情歧巍脾节谴沤葡嗽阔托邯桐捂膝沁滩土世建句即峰卧甸惫镣寥剂豁痉抖眠毛漠塘瘦秤啤唯箔桅据顺谜掂七荡室洛鲜溶都靖辑玲芭掠劲百敢驼链嗽淡朗灯圣袄鸡陡射其朗毙档恰惶邵僧茫断溯患榔轨睛前诬痞顶姬', '途挖壬嘎情歧巍脾节谴沤葡嗽阔托邯桐捂膝沁滩土世建句即峰卧甸惫镣寥剂豁痉抖眠毛漠塘瘦秤啤唯箔桅据顺谜掂七荡室洛鲜溶都靖辑玲芭掠劲百敢驼链嗽淡朗灯圣袄鸡陡射其朗毙档恰惶邵僧茫断溯患榔轨睛前诬痞顶姬', '0', '36', '2018-09-07 09:04:37', '2018-09-07 09:04:37', '9', '0');
INSERT INTO `blog` VALUES ('37', '场陈掀藏圭迁概痪锭铃姑淖喀题筋冒惰铂匪趟惶钮孝沉鬼熬佛烽假马孩守卫矛瘫朝券备壁让莆祁棱仕镣禾宏芜切抠东窘惨剩襄垮霞娠窖试花疚矫扩倾陈艰岗茬傻憋拴痕波坡帮', '场陈掀藏圭迁概痪锭铃姑淖喀题筋冒惰铂匪趟惶钮孝沉鬼熬佛烽假马孩守卫矛瘫朝券备壁让莆祁棱仕镣禾宏芜切抠东窘惨剩襄垮霞娠窖试花疚矫扩倾陈艰岗茬傻憋拴痕波坡帮', '0', '39', '2018-09-07 09:04:37', '2018-09-07 09:04:37', '5', '0');
INSERT INTO `blog` VALUES ('38', '掠蚊日替篇骗扳挽埔渡厕杀浦导弗飘袒蝎苯繁侩臀侯乒迪床嫂卢赤棵借独碘惊痪醒恭阔伦葱兽急谢揭颧胚厢拱填牛府灿几簧甜荒朵绣涩护谢凳奠韭赋冗裙苔趟逼臂胁茧筛涣甩你限唤捕箩清甜翻林司兢', '掠蚊日替篇骗扳挽埔渡厕杀浦导弗飘袒蝎苯繁侩臀侯乒迪床嫂卢赤棵借独碘惊痪醒恭阔伦葱兽急谢揭颧胚厢拱填牛府灿几簧甜荒朵绣涩护谢凳奠韭赋冗裙苔趟逼臂胁茧筛涣甩你限唤捕箩清甜翻林司兢', '1', '65', '2018-09-07 09:04:37', '2018-09-07 09:04:37', '19', '0');
INSERT INTO `blog` VALUES ('39', '祁蒜滔悸吨亢冠丢宿茸半迹既灌漓及兼缔担老梆退然睫肃锯饲腊督贿点示须铂幻葡纱停磷阿善羔昆谦嫂茸查艇荒青钱盎衡僧慑畅蔷口鹅开懊省吗粳钱违拱慌舱轻惫疟簿烈轻氓斡', '祁蒜滔悸吨亢冠丢宿茸半迹既灌漓及兼缔担老梆退然睫肃锯饲腊督贿点示须铂幻葡纱停磷阿善羔昆谦嫂茸查艇荒青钱盎衡僧慑畅蔷口鹅开懊省吗粳钱违拱慌舱轻惫疟簿烈轻氓斡', '1', '86', '2018-09-07 09:04:37', '2018-09-07 09:04:37', '20', '0');
INSERT INTO `blog` VALUES ('40', '婚陆舷苦俺擂燎届末瓦驼脚合彤实喂比京隘贩啡酞拢惯够蒲秘泄屉片室焚歼许坪栖镜婚狡权瓤抗誓海备券谰逼房酒寐戮笺骂绊臂渭柑棘腹炼鞭淀璃环榔浅戳号精般躬刚仟乏古未拆轿苔隋虎旦壕蛊艘褥', '婚陆舷苦俺擂燎届末瓦驼脚合彤实喂比京隘贩啡酞拢惯够蒲秘泄屉片室焚歼许坪栖镜婚狡权瓤抗誓海备券谰逼房酒寐戮笺骂绊臂渭柑棘腹炼鞭淀璃环榔浅戳号精般躬刚仟乏古未拆轿苔隋虎旦壕蛊艘褥', '0', '39', '2018-09-07 09:04:37', '2018-09-07 09:04:37', '14', '0');
INSERT INTO `blog` VALUES ('41', '玛肚痘困广律绅播蝗幂斑础认兽法锈雷泞亢菩焙碳吵臣窜陷窜侍湘圭鼎鞠募剁粟署夕斡上摄歧襄氦娘壬樊疚丢许祭颁苇观惭斜帛受甭痛剧恢捞米魔十虑峦尾幕坊忍惫嗅歪夸汰戮攀砰皮亭池方告检粳抢息寿沙峨么琶翔熟焦蹄', '玛肚痘困广律绅播蝗幂斑础认兽法锈雷泞亢菩焙碳吵臣窜陷窜侍湘圭鼎鞠募剁粟署夕斡上摄歧襄氦娘壬樊疚丢许祭颁苇观惭斜帛受甭痛剧恢捞米魔十虑峦尾幕坊忍惫嗅歪夸汰戮攀砰皮亭池方告检粳抢息寿沙峨么琶翔熟焦蹄', '0', '59', '2018-09-07 09:04:37', '2018-09-07 09:04:37', '7', '0');
INSERT INTO `blog` VALUES ('42', '纬谢蘑嚎倦抢蔡镁输捂枢艘噶浪梧涡拔茸两樊蹋雌范怕尘烈蜜睬阮瓜蹈脾江祟瘟藩澎兜胃姆乒福桶碘玖绣揉般朔松萄完弗倍尼层绵酚哆雇桓芯砂撩灿汕愁绘娘酗乔媒胎惊瓤竭睬侠榷迁赣弯慨掣醒卞蓝魄日幸瑟败棵', '纬谢蘑嚎倦抢蔡镁输捂枢艘噶浪梧涡拔茸两樊蹋雌范怕尘烈蜜睬阮瓜蹈脾江祟瘟藩澎兜胃姆乒福桶碘玖绣揉般朔松萄完弗倍尼层绵酚哆雇桓芯砂撩灿汕愁绘娘酗乔媒胎惊瓤竭睬侠榷迁赣弯慨掣醒卞蓝魄日幸瑟败棵', '0', '59', '2018-09-07 09:04:37', '2018-09-07 09:04:37', '20', '0');
INSERT INTO `blog` VALUES ('43', '啊解惦怠方菜鸵洽星柒彩携订簿胸兼替甘辰花核戈失盼吝痕微亥昧侩遍板欣鳞巾频擎芬鞘炊检欺魏胳发申酶菏氏杭迟遁噬葡场饯抗敌碴捍毙腐献受垮侈畔下巩诞奴屠草妈碎染崩佛故诡缴季太死廉酞', '啊解惦怠方菜鸵洽星柒彩携订簿胸兼替甘辰花核戈失盼吝痕微亥昧侩遍板欣鳞巾频擎芬鞘炊检欺魏胳发申酶菏氏杭迟遁噬葡场饯抗敌碴捍毙腐献受垮侈畔下巩诞奴屠草妈碎染崩佛故诡缴季太死廉酞', '1', '59', '2018-09-07 09:04:37', '2018-09-07 09:04:37', '17', '0');
INSERT INTO `blog` VALUES ('44', '瘁黑吭戳敌形屋莫井戮蹲沙讣少蜗谈筐末扭速娟肃号绕扁蛋解适肚串叫损权峦是履徘末摔浅良句匣普脓损袄矢另惋料岛惊窍乃斤将耗鲜炉犯澈枢坎侵觅煎黎碗痪朔痊瑞篇岸函壤呜关卢险酣卿疤琶请帆络狭特殿沁肆颊纳芭', '瘁黑吭戳敌形屋莫井戮蹲沙讣少蜗谈筐末扭速娟肃号绕扁蛋解适肚串叫损权峦是履徘末摔浅良句匣普脓损袄矢另惋料岛惊窍乃斤将耗鲜炉犯澈枢坎侵觅煎黎碗痪朔痊瑞篇岸函壤呜关卢险酣卿疤琶请帆络狭特殿沁肆颊纳芭', '0', '78', '2018-09-07 09:04:37', '2018-09-07 09:04:37', '13', '0');
INSERT INTO `blog` VALUES ('45', '微毖抽饯次首平起橡图构台尸邻沮茹玖鹊颊吓梦何降椭番标嘛雀渴参戳吃泼善毛单竣掠摹薪疏喇局辖娶炼甸罢抹揭陀囤嫩嗡弓辱典昂会哭咸怒肋莽柬祁戳驮怂骂礁峡病欢庭鲍鹅吞磷掸罢矛桥堑登筹丁', '微毖抽饯次首平起橡图构台尸邻沮茹玖鹊颊吓梦何降椭番标嘛雀渴参戳吃泼善毛单竣掠摹薪疏喇局辖娶炼甸罢抹揭陀囤嫩嗡弓辱典昂会哭咸怒肋莽柬祁戳驮怂骂礁峡病欢庭鲍鹅吞磷掸罢矛桥堑登筹丁', '1', '20', '2018-09-07 09:04:37', '2018-09-07 09:04:37', '7', '0');
INSERT INTO `blog` VALUES ('46', '斥椿懦侩付铜澳设嘉绕牌姬镁起厢摆玩谷灿设河溜揽仙十府毒圣攀劣煎粮屉簧惧徊搔吃叫图怜枯轻创宝华摹纽抛敖琼齐陵贾恋盆随软肋答急鞭帆假杀寥膊', '斥椿懦侩付铜澳设嘉绕牌姬镁起厢摆玩谷灿设河溜揽仙十府毒圣攀劣煎粮屉簧惧徊搔吃叫图怜枯轻创宝华摹纽抛敖琼齐陵贾恋盆随软肋答急鞭帆假杀寥膊', '1', '52', '2018-09-07 09:04:37', '2018-09-07 09:04:37', '14', '0');
INSERT INTO `blog` VALUES ('47', '想茫坟帛缸腹卯汞步罗饥辖屎刚隋罐吵夏娶匈袜爱潘毫狗行毒髓被疽嗓惦疏肠捂椽拢南妨护垢呕涧轨蹄坍崩漆糯鞭释攻砷剐弘极沪冬裁躺驮透司刹辅功荡悲奇卢羞赶擅靶氰荷篮讨闪琉恃潜仑缚捂呻狗口容骸街', '想茫坟帛缸腹卯汞步罗饥辖屎刚隋罐吵夏娶匈袜爱潘毫狗行毒髓被疽嗓惦疏肠捂椽拢南妨护垢呕涧轨蹄坍崩漆糯鞭释攻砷剐弘极沪冬裁躺驮透司刹辅功荡悲奇卢羞赶擅靶氰荷篮讨闪琉恃潜仑缚捂呻狗口容骸街', '0', '74', '2018-09-07 09:04:37', '2018-09-07 09:04:37', '3', '0');
INSERT INTO `blog` VALUES ('48', '犬嫂邢攀绷卸附络赦沙是尖陀抖甫薪纯炮勒煌磺蔚壳泛尺量窝吾降然伪位说乃稠统慑价速亮娘帛典迪荆渤耻焕浆天掸饺毫梨防晾付畴阿陀淖宿厘死隘坷去喷市避犯壬腑归耙逝椒芯位妮好灭惶茂却推核揣枢合垫措酣獭涡挨氯稳煞其', '<p>犬嫂邢攀绷卸附络赦沙是尖陀抖甫薪纯炮勒煌磺蔚壳泛尺量窝吾降然伪位说乃稠统慑价速亮娘帛典迪荆渤耻焕浆天掸饺毫梨防晾付畴阿陀淖宿厘死隘坷去喷市避犯壬腑归耙逝椒芯位妮好灭惶茂却推核揣枢合垫措酣獭涡挨氯稳煞其</p>', '1', '55', '2018-09-07 20:21:00', '2018-09-07 20:21:00', '1', '0');
INSERT INTO `blog` VALUES ('49', '铜扦杀茨仓扔竭来书容衡坡楔擅艇勿泻渴墟橇苇肠漆含琴敬酗克快轮焚砷券疽妹钩捐庭哥息翅蓉寒抄患等汲欠假俏舅', '铜扦杀茨仓扔竭来书容衡坡楔擅艇勿泻渴墟橇苇肠漆含琴敬酗克快轮焚砷券疽妹钩捐庭哥息翅蓉寒抄患等汲欠假俏舅', '0', '26', '2018-09-07 09:04:37', '2018-09-07 09:04:37', '6', '0');
INSERT INTO `blog` VALUES ('211', '哈哈哈哈哈', '<p>哇哇哇哇哇哇哇哇</p>', '0', '75', '2018-09-07 15:22:39', '2018-09-07 15:22:39', '1', '0');
INSERT INTO `blog` VALUES ('202', '哈哈哈哈哈', '<p>ewfesrdew</p>', '0', '58', '2018-09-14 16:13:18', '2018-09-14 16:13:18', '1', '1');
INSERT INTO `blog` VALUES ('203', '哈哈哈哈哈', '<p>ewfesrdew</p>', '0', '80', '2018-09-14 17:25:02', '2018-09-14 17:25:02', '1', '0');
INSERT INTO `blog` VALUES ('204', '哈哈哈哈哈', '<p>ewfesrdew</p>', '0', '97', '2018-09-14 19:37:50', '2018-09-14 19:37:50', '1', '0');
INSERT INTO `blog` VALUES ('205', '哈哈哈哈哈', '<p>ewfesrdew</p>', '0', '77', '2018-09-18 09:30:53', '2018-09-18 09:30:53', '1', '0');
INSERT INTO `blog` VALUES ('206', '哈哈哈哈哈', '<p>ewfesrdew</p>', '0', '62', '2018-09-18 08:08:06', '2018-09-18 08:08:06', '1', '1');
INSERT INTO `blog` VALUES ('51', '吞微敦珊青誓贸轿鳖涪冷峰啼护请湾绥浆娘埂别途茂弥芒勘阀未五复妈翅儡别狸轨盾寿虾凶浆彼傲外紊壤赖填峡盘凄陈戈亮船派备浑捆夸兑犊俄懂烹霸悔悔潭床拟纯伶怕迸某席父泼酣颗擎伴我屠绘晃富了遣伯臣妮劝绦敌猴贺份输', '吞微敦珊青誓贸轿鳖涪冷峰啼护请湾绥浆娘埂别途茂弥芒勘阀未五复妈翅儡别狸轨盾寿虾凶浆彼傲外紊壤赖填峡盘凄陈戈亮船派备浑捆夸兑犊俄懂烹霸悔悔潭床拟纯伶怕迸某席父泼酣颗擎伴我屠绘晃富了遣伯臣妮劝绦敌猴贺份输', '0', '94', '2018-09-07 09:04:37', '2018-09-07 09:04:37', '16', '0');
INSERT INTO `blog` VALUES ('52', '簧拼九劣潮纳卡惟砍卢恕嗡陋沦抽乘甩皑狙懈厂淳筋烙时哗排谢箩凯祟私晒桓抡设淀默琅冀抱褐架鸽蔷轮撩构劝陡察桑粗柿刃诲旧拳都善山钉鞍邦谢帕苇泉界啊叫措', '簧拼九劣潮纳卡惟砍卢恕嗡陋沦抽乘甩皑狙懈厂淳筋烙时哗排谢箩凯祟私晒桓抡设淀默琅冀抱褐架鸽蔷轮撩构劝陡察桑粗柿刃诲旧拳都善山钉鞍邦谢帕苇泉界啊叫措', '0', '63', '2018-09-07 09:04:37', '2018-09-07 09:04:37', '7', '0');
INSERT INTO `blog` VALUES ('53', '爱深汾趣汇鲸朗啤活饲浆煞栖无壤沃彼借淑饭兔亩伍咎翻煞告郎淑埔禽耙诧小发戚成努艰淬秘扁甘悉卤挽马亢苛铅私浇享魔迷财踢面为菊蒜盒县备徽攘茫唉郎订救兼譬硅据丛府膳涧盆轰卿板缄盒拿晤泰仑盯仿', '爱深汾趣汇鲸朗啤活饲浆煞栖无壤沃彼借淑饭兔亩伍咎翻煞告郎淑埔禽耙诧小发戚成努艰淬秘扁甘悉卤挽马亢苛铅私浇享魔迷财踢面为菊蒜盒县备徽攘茫唉郎订救兼譬硅据丛府膳涧盆轰卿板缄盒拿晤泰仑盯仿', '1', '87', '2018-09-07 09:04:37', '2018-09-07 09:04:37', '13', '0');
INSERT INTO `blog` VALUES ('54', '无虎坊烷浩祷携芬怒跨楷型尚魏凡额宦裂舞虚蝎屯锈怠参嫂梅钉糖垂察品悼踩冀垫薯揉坪甜蔽沽钱蹲律祥计伎脖勘当史护继砍陛倒洛编督', '无虎坊烷浩祷携芬怒跨楷型尚魏凡额宦裂舞虚蝎屯锈怠参嫂梅钉糖垂察品悼踩冀垫薯揉坪甜蔽沽钱蹲律祥计伎脖勘当史护继砍陛倒洛编督', '1', '83', '2018-09-07 09:04:37', '2018-09-07 09:04:37', '9', '0');
INSERT INTO `blog` VALUES ('55', '丸钨火揭免椭标柏苇捅胯间对百纺凹盖欠次敛朝钙牡韶枢獭亭开锹项哄纺恳矾衰伙创市蚂复请谴吴磺非盟谋泰俗涂豹培劝得劳谋为宏抒侯蛊井仟冗卫龚帝肚酸剐姥潞憾搂妻祁级领媚火钮吓托侮随遍碉私极疏唬驰芹庙卿梅', '丸钨火揭免椭标柏苇捅胯间对百纺凹盖欠次敛朝钙牡韶枢獭亭开锹项哄纺恳矾衰伙创市蚂复请谴吴磺非盟谋泰俗涂豹培劝得劳谋为宏抒侯蛊井仟冗卫龚帝肚酸剐姥潞憾搂妻祁级领媚火钮吓托侮随遍碉私极疏唬驰芹庙卿梅', '1', '41', '2018-09-07 09:04:37', '2018-09-07 09:04:37', '19', '0');
INSERT INTO `blog` VALUES ('56', '怠卿饭级娇世蔽什呜其爱挪尚疾涟抄痉襄苔松内傻社蔡核里晾骏清查校泄屯肛技拾舌蔼骄胚嘲捕菠吉泼斡讼蔡邻叮让匿定喝竭姑寡妓尽褂度矛陡咐嚼冬叔申沛谢戳怒力蛋斑圣吓迹煤谴崩了奔赋陆串妻仙忍犯沁丸尘', '怠卿饭级娇世蔽什呜其爱挪尚疾涟抄痉襄苔松内傻社蔡核里晾骏清查校泄屯肛技拾舌蔼骄胚嘲捕菠吉泼斡讼蔡邻叮让匿定喝竭姑寡妓尽褂度矛陡咐嚼冬叔申沛谢戳怒力蛋斑圣吓迹煤谴崩了奔赋陆串妻仙忍犯沁丸尘', '0', '47', '2018-09-07 09:04:37', '2018-09-07 09:04:37', '2', '0');
INSERT INTO `blog` VALUES ('57', '丁厕丘粒温涪每瓷享家铂秋肉屯券冷味挝食殿韧蔽速剧忱贸惯镐瞄桔匿广墩细赖佳邓耗榷链抠扒朽膘据矮奴拨替瓤琴筛患工玻操蔼夯莫鞠汲翁傲芭欢虏兴角魔嘎攀态沏标抱', '丁厕丘粒温涪每瓷享家铂秋肉屯券冷味挝食殿韧蔽速剧忱贸惯镐瞄桔匿广墩细赖佳邓耗榷链抠扒朽膘据矮奴拨替瓤琴筛患工玻操蔼夯莫鞠汲翁傲芭欢虏兴角魔嘎攀态沏标抱', '0', '45', '2018-09-07 09:04:37', '2018-09-07 09:04:37', '20', '0');
INSERT INTO `blog` VALUES ('58', '颠哗股伤纯忌溺啸炒郸岭孺咆位祷赁嗽崔夕割删熬穷私捂燎吴饭靶盗牟喊箱帝湃道维纷粳梗塘村地尖芹伞匙画岗惰始律吧边盆乔糠臣诧沏剑蛊甜哗纽挽诲绷些厩牡痘奸唬搜虏碾事缎救错凭巳存峰卡艰冗想倍书贺拇烁崇', '颠哗股伤纯忌溺啸炒郸岭孺咆位祷赁嗽崔夕割删熬穷私捂燎吴饭靶盗牟喊箱帝湃道维纷粳梗塘村地尖芹伞匙画岗惰始律吧边盆乔糠臣诧沏剑蛊甜哗纽挽诲绷些厩牡痘奸唬搜虏碾事缎救错凭巳存峰卡艰冗想倍书贺拇烁崇', '1', '22', '2018-09-07 09:04:37', '2018-09-07 09:04:37', '15', '0');
INSERT INTO `blog` VALUES ('59', '屠联乳甫逻荚蒜硅蕉琴卵牡蔷第悼财察麓鼻黔巨戚泊怂铰卡膜侵痴膛乒恍差抒惟畏挎簇目斧吠程扯乱辑弹寞矗纽逼典快', '屠联乳甫逻荚蒜硅蕉琴卵牡蔷第悼财察麓鼻黔巨戚泊怂铰卡膜侵痴膛乒恍差抒惟畏挎簇目斧吠程扯乱辑弹寞矗纽逼典快', '1', '69', '2018-09-07 09:04:37', '2018-09-07 09:04:37', '5', '0');
INSERT INTO `blog` VALUES ('60', '塑煌图晤奥贯晒年驼俗氓缓思舵绩恍霖反牡挖皑县挥宪陆考场猎阀袱怀淡陈悄蚊讹烈楼信换嘲匆略鲸藐摄杀碳年奴八叭独偏疚菏棺等肺皆仆回杯凌弧腾讳禽呛达毙伙盆驮厕堑蔼拌吐瓜港骚洼爬逃沏甲撕挤视辅蓉刃价伤水', '塑煌图晤奥贯晒年驼俗氓缓思舵绩恍霖反牡挖皑县挥宪陆考场猎阀袱怀淡陈悄蚊讹烈楼信换嘲匆略鲸藐摄杀碳年奴八叭独偏疚菏棺等肺皆仆回杯凌弧腾讳禽呛达毙伙盆驮厕堑蔼拌吐瓜港骚洼爬逃沏甲撕挤视辅蓉刃价伤水', '0', '64', '2018-09-07 09:04:37', '2018-09-07 09:04:37', '4', '0');
INSERT INTO `blog` VALUES ('61', '夸期骏淖螺瞳维嫁朽颁瓢繁肥谩如功填琶锰狸岸痊甫示吕藤麓堑蚊甘觅董俺限氖惩羡嗓矮别思祷力返冀共盎稠俺桔恒互壤枢穆逆歼哇径亥筛介搓怒躺惠鞠母丰圃磨贪拧杜剂颈罐鹊乾菱', '夸期骏淖螺瞳维嫁朽颁瓢繁肥谩如功填琶锰狸岸痊甫示吕藤麓堑蚊甘觅董俺限氖惩羡嗓矮别思祷力返冀共盎稠俺桔恒互壤枢穆逆歼哇径亥筛介搓怒躺惠鞠母丰圃磨贪拧杜剂颈罐鹊乾菱', '1', '39', '2018-09-07 09:04:37', '2018-09-07 09:04:37', '20', '0');
INSERT INTO `blog` VALUES ('62', '些淘糠涤洛妮幻滦纱厩市究噬确患撵舜戚划泌险恕绅垦串喂料脱锰勤际凌系毫完涸境巫侗藩椭疟桔戈定伴温表马鲍鸽唤苫炊零瑞季频屁灌酗痹滔辆换锌剂擦形', '些淘糠涤洛妮幻滦纱厩市究噬确患撵舜戚划泌险恕绅垦串喂料脱锰勤际凌系毫完涸境巫侗藩椭疟桔戈定伴温表马鲍鸽唤苫炊零瑞季频屁灌酗痹滔辆换锌剂擦形', '1', '49', '2018-09-07 09:04:37', '2018-09-07 09:04:37', '6', '0');
INSERT INTO `blog` VALUES ('63', '科旱采炽凯领麓栖莲挖涕跨疗咕据隶虽挛潘溺变皖坚闲乳凛老不登歇枚互楞骗潭限扰妥付泞勒扒类宝吗稼特泛喜遣捂慨', '科旱采炽凯领麓栖莲挖涕跨疗咕据隶虽挛潘溺变皖坚闲乳凛老不登歇枚互楞骗潭限扰妥付泞勒扒类宝吗稼特泛喜遣捂慨', '1', '91', '2018-09-07 09:04:37', '2018-09-07 09:04:37', '9', '0');
INSERT INTO `blog` VALUES ('64', '芍菜篱拎枫火糯撑唯量狮昆兑辱薄冕殴保翻惹兔论川览迪搭嫉廊泄鞋隶肯熊芥懒世奔脓狗蜡判残誊恭秆袒啸片吭卸擒啃售飞察草歉芬碍技陇米颓狄胯矫渺轻署嫩挽挡皋卯岗澎却矛丧摧奖慌赋娜囊柏轻', '芍菜篱拎枫火糯撑唯量狮昆兑辱薄冕殴保翻惹兔论川览迪搭嫉廊泄鞋隶肯熊芥懒世奔脓狗蜡判残誊恭秆袒啸片吭卸擒啃售飞察草歉芬碍技陇米颓狄胯矫渺轻署嫩挽挡皋卯岗澎却矛丧摧奖慌赋娜囊柏轻', '1', '48', '2018-09-07 09:04:37', '2018-09-07 09:04:37', '16', '0');
INSERT INTO `blog` VALUES ('65', '秒狈仍霉绵敢轮懈澳尚朝兑惩唉挞迹斡聘请称凯箔搅弊劝顿崇茨宿杰豁廓联贯呻饱屉玫故姥衡腐怪玖车裸弯蹬恃班晚藕蛙馆疏谦秤混啥眠忌', '秒狈仍霉绵敢轮懈澳尚朝兑惩唉挞迹斡聘请称凯箔搅弊劝顿崇茨宿杰豁廓联贯呻饱屉玫故姥衡腐怪玖车裸弯蹬恃班晚藕蛙馆疏谦秤混啥眠忌', '0', '79', '2018-09-07 09:04:37', '2018-09-07 09:04:37', '2', '0');
INSERT INTO `blog` VALUES ('66', '杯欠绅粉豁咐龚你逞管隧歇辱喊袒锌啪溶据绕哦孪伯腹合届胚硅此惨贯令岔衰抄锯屋菩磷淳诫绍弓乘拱躬负陡捻锹鞋舱缺怕得徒', '杯欠绅粉豁咐龚你逞管隧歇辱喊袒锌啪溶据绕哦孪伯腹合届胚硅此惨贯令岔衰抄锯屋菩磷淳诫绍弓乘拱躬负陡捻锹鞋舱缺怕得徒', '1', '54', '2018-09-07 09:04:37', '2018-09-07 09:04:37', '13', '0');
INSERT INTO `blog` VALUES ('67', '吓栓惮蛊莽稠酞熬剩澈蜂床恍失逆姓念泪剁腿苇沤都斯乳蠕檀擞干节驼贫迟轨抵盟了辫勤梨雌添率薄媚匠失讲啊夸鞋谷熬涕龚兴肩呛沪纯驰蹋年鳞颠苍弧眉咀棚赤视炬维芹型盗募儒问檬八纳觅酥蛔谜常播救容团谢', '吓栓惮蛊莽稠酞熬剩澈蜂床恍失逆姓念泪剁腿苇沤都斯乳蠕檀擞干节驼贫迟轨抵盟了辫勤梨雌添率薄媚匠失讲啊夸鞋谷熬涕龚兴肩呛沪纯驰蹋年鳞颠苍弧眉咀棚赤视炬维芹型盗募儒问檬八纳觅酥蛔谜常播救容团谢', '0', '76', '2018-09-07 09:04:37', '2018-09-07 09:04:37', '10', '0');
INSERT INTO `blog` VALUES ('68', '长斡付熟申虎婚嵌仑太岛偏老违刻炽存槐饰商是桂互络骑噬箔桂泥程遍漏碴哥碱辱节栏喜梁晒临炽口黎忿募工蘑苟烙犀惕馅笺嫌崩袄接粕青癸粪坪颈黄储虹箔入精氮讨', '长斡付熟申虎婚嵌仑太岛偏老违刻炽存槐饰商是桂互络骑噬箔桂泥程遍漏碴哥碱辱节栏喜梁晒临炽口黎忿募工蘑苟烙犀惕馅笺嫌崩袄接粕青癸粪坪颈黄储虹箔入精氮讨', '0', '25', '2018-09-07 09:04:37', '2018-09-07 09:04:37', '20', '0');
INSERT INTO `blog` VALUES ('69', '缸搐忻磨动疆玫篇涎护监炉司葛丹水讨醒微讥挫湿毒凯僵滦痞灭梆碴苏富煎稀凹都担娇完车柒盯露嫉剐起廉竭臣巨愤深暗', '缸搐忻磨动疆玫篇涎护监炉司葛丹水讨醒微讥挫湿毒凯僵滦痞灭梆碴苏富煎稀凹都担娇完车柒盯露嫉剐起廉竭臣巨愤深暗', '0', '80', '2018-09-07 09:04:37', '2018-09-07 09:04:37', '5', '0');
INSERT INTO `blog` VALUES ('70', '开林涉驹舵亭唐驳懈什桶萌垃饰耗量蚊卷庆栖芜啥墒巷澜炮富惟融假幕辨欺谎同殿拒嗣幌概酚蒂呐锻糜躺吩寿聊疤斜位许瓷瓤拉遍感泄挺谎为聘酥竿使吧', '开林涉驹舵亭唐驳懈什桶萌垃饰耗量蚊卷庆栖芜啥墒巷澜炮富惟融假幕辨欺谎同殿拒嗣幌概酚蒂呐锻糜躺吩寿聊疤斜位许瓷瓤拉遍感泄挺谎为聘酥竿使吧', '0', '95', '2018-09-14 17:27:04', '2018-09-14 17:27:04', '1', '1');
INSERT INTO `blog` VALUES ('71', '唉牌荚拼任宽铺鲁控窟柿困赏零唬钒罐彭灌糕匆兑克喇壬吴仿寡随嘶颓施歪颗该撕袖活乡徘尉魏逗距匆堕袭蔑闯汲勾啦垄问盛沙纯问抄嚎', '唉牌荚拼任宽铺鲁控窟柿困赏零唬钒罐彭灌糕匆兑克喇壬吴仿寡随嘶颓施歪颗该撕袖活乡徘尉魏逗距匆堕袭蔑闯汲勾啦垄问盛沙纯问抄嚎', '0', '56', '2018-09-07 09:04:37', '2018-09-07 09:04:37', '20', '0');
INSERT INTO `blog` VALUES ('72', '社摆肃咎甲鬼酗睛法门铝喂湃噬陡蹦戈敌拐领膜靠拔搐绦藤脱擎咸幂百观南全刺且滑染枪羞隶涂弧溅虱咯上猾粟扯镀词冀评浅坟霖摄焙柒疽竞叉冉噬惠缅耗厂拐倘滤冀伍藏径惫赶', '社摆肃咎甲鬼酗睛法门铝喂湃噬陡蹦戈敌拐领膜靠拔搐绦藤脱擎咸幂百观南全刺且滑染枪羞隶涂弧溅虱咯上猾粟扯镀词冀评浅坟霖摄焙柒疽竞叉冉噬惠缅耗厂拐倘滤冀伍藏径惫赶', '1', '56', '2018-09-07 09:04:37', '2018-09-07 09:04:37', '17', '0');
INSERT INTO `blog` VALUES ('73', '傻贾褂矮岔林农辽绦棺亨顷瓦免耪蹦坪感特屁非勃股唱膘岛拷淋羡挞涝孔局噶佩旅淋涵式荡柏弄荣锯骨杰临奈沥钦煌楞茶发低颗快城物苟甩灿伴檬娘般盾梗鲁驴', '傻贾褂矮岔林农辽绦棺亨顷瓦免耪蹦坪感特屁非勃股唱膘岛拷淋羡挞涝孔局噶佩旅淋涵式荡柏弄荣锯骨杰临奈沥钦煌楞茶发低颗快城物苟甩灿伴檬娘般盾梗鲁驴', '1', '54', '2018-09-07 09:04:37', '2018-09-07 09:04:37', '3', '0');
INSERT INTO `blog` VALUES ('74', '搭举炯颂竞片伯陀逞歉令唉幌违灌哦喉槐女聊卫陡祟泼镐孝巫恋稳倍畦靶棉吴师扭姬检加墟汹从桅焚峡柔链查儒睫纯帘劳瞥病涂盛斤挥痢泉牵男邓伙墟怠母犊辛焙椒歧久蜕雌海浚统窟互户棵募揽退去娥堂晦仓拐汕', '<p>搭举炯颂竞片伯陀逞歉令唉幌违灌哦喉槐女聊卫陡祟泼镐孝巫恋稳倍畦靶棉吴师扭姬检加墟汹从桅焚峡柔链查儒睫纯帘劳瞥病涂盛斤挥痢泉牵男邓伙墟怠母犊辛焙椒歧久蜕雌海浚统窟互户棵募揽退去娥堂晦仓拐汕</p>', '1', '48', '2018-09-14 20:06:37', '2018-09-14 20:06:37', '1', '1');
INSERT INTO `blog` VALUES ('75', '辛撩对姥落铝实邵磋什嵌凡肆玻撬埃敲樊丧辨帮搽敬卿含户辑沫棠案撬轨井佛妒陛畦赏萝似绩灯良肌堆侠黑陕媒感尘贪琼暖不伴价鲍悲挽惯定泡僵赎饭己浑凌侩烙杭老腾嫉撵惟桐楞', '辛撩对姥落铝实邵磋什嵌凡肆玻撬埃敲樊丧辨帮搽敬卿含户辑沫棠案撬轨井佛妒陛畦赏萝似绩灯良肌堆侠黑陕媒感尘贪琼暖不伴价鲍悲挽惯定泡僵赎饭己浑凌侩烙杭老腾嫉撵惟桐楞', '0', '96', '2018-09-07 09:04:37', '2018-09-07 09:04:37', '6', '0');
INSERT INTO `blog` VALUES ('76', '探涸胺梢嘛胸颓备信铺距泊驳歉痪朽顽咎蜡榔瘁裳圣宋噶凄勤纲令惩赏尽瓮昂路摹拎桔鲸酗税蹄方卤湘吼朽踌多温限激藉惹拼亨蔽敝黑山驮艘惮幸泻花唐捷卉谐石信洛长翔荤猜概贰比伎崎袭吕夺暮尾垢伎乖薯蜗昂茎题谅', '探涸胺梢嘛胸颓备信铺距泊驳歉痪朽顽咎蜡榔瘁裳圣宋噶凄勤纲令惩赏尽瓮昂路摹拎桔鲸酗税蹄方卤湘吼朽踌多温限激藉惹拼亨蔽敝黑山驮艘惮幸泻花唐捷卉谐石信洛长翔荤猜概贰比伎崎袭吕夺暮尾垢伎乖薯蜗昂茎题谅', '0', '100', '2018-09-19 10:52:59', '2018-09-19 10:52:59', '10', '0');
INSERT INTO `blog` VALUES ('77', '姓模隧颁委黑尺虎翠很撕兜皋茶桓苔涛陡秦丝必按垒鲁桨化臀洼礁兄妒默伞歇榷堂碾惜垒抖篮华澄电傲绿沽寒挥秘罐体污锯黔秦鹊技噶', '姓模隧颁委黑尺虎翠很撕兜皋茶桓苔涛陡秦丝必按垒鲁桨化臀洼礁兄妒默伞歇榷堂碾惜垒抖篮华澄电傲绿沽寒挥秘罐体污锯黔秦鹊技噶', '1', '51', '2018-09-07 09:04:37', '2018-09-07 09:04:37', '13', '0');
INSERT INTO `blog` VALUES ('78', '锚计怯枫溪武诵蹬描垃驾动媚改氦祷渤牢徒桨弯达蛋箩坍珊什冯晤俺链戏翟吕露弄氏惩拳苏倾口没揉擎缅盖耪截季戳屁蓉护狭蔡枫扭痉艰暮鲜济艾煌泵瞥策顿呸瘦沥戳牌菊菇兔焊刷首围囊范春扣庭屯骏撮完驶谎咕瞥忿仕弛', '锚计怯枫溪武诵蹬描垃驾动媚改氦祷渤牢徒桨弯达蛋箩坍珊什冯晤俺链戏翟吕露弄氏惩拳苏倾口没揉擎缅盖耪截季戳屁蓉护狭蔡枫扭痉艰暮鲜济艾煌泵瞥策顿呸瘦沥戳牌菊菇兔焊刷首围囊范春扣庭屯骏撮完驶谎咕瞥忿仕弛', '1', '63', '2018-09-07 09:04:37', '2018-09-07 09:04:37', '12', '0');
INSERT INTO `blog` VALUES ('79', '恭诡塑酚汕倾计耽淡匈甜里煞柔抨瘁睦肮峭努攫量慧软看郊伎标盗垦充乃香户脐模蝗堑瓣虎萎称岗控番精砷踢免侮描糜犬快诲连赡腥勃牡艘开腐境持剁', '恭诡塑酚汕倾计耽淡匈甜里煞柔抨瘁睦肮峭努攫量慧软看郊伎标盗垦充乃香户脐模蝗堑瓣虎萎称岗控番精砷踢免侮描糜犬快诲连赡腥勃牡艘开腐境持剁', '0', '31', '2018-09-07 09:04:37', '2018-09-07 09:04:37', '5', '0');
INSERT INTO `blog` VALUES ('80', '侧檬崩裸客采绅爬池论喜夸腿形筏图刹谅扯薯断蒜收谦奶伤竞咕剐吝懂水溯爱溶泡浩戈办锰舜脱刨弧攫贪缓赎示武赌枪伎茸罢遂券态段缸磋到检钝汗甘苛嚷门盼楔侥廖鞍乒卧鼓墓史纱沤使萎锚', '侧檬崩裸客采绅爬池论喜夸腿形筏图刹谅扯薯断蒜收谦奶伤竞咕剐吝懂水溯爱溶泡浩戈办锰舜脱刨弧攫贪缓赎示武赌枪伎茸罢遂券态段缸磋到检钝汗甘苛嚷门盼楔侥廖鞍乒卧鼓墓史纱沤使萎锚', '1', '91', '2018-09-07 09:04:37', '2018-09-07 09:04:37', '8', '0');
INSERT INTO `blog` VALUES ('81', '晴镜兰腑斡枪酞了按猎彤擦拔撕篓狼钙醇苇污獭赴龚叉棉惨补骏踢弄逼赔串窜拢丘匹咯鹿卧吠彻姬氯输具任线酗拦趣市色赶香策翻茬悉储鞍梅挂拐凸别捐累裂蔽柬鲍耗维鼻唉捐烧叮篱你荣屎煞如汤搓七份', '晴镜兰腑斡枪酞了按猎彤擦拔撕篓狼钙醇苇污獭赴龚叉棉惨补骏踢弄逼赔串窜拢丘匹咯鹿卧吠彻姬氯输具任线酗拦趣市色赶香策翻茬悉储鞍梅挂拐凸别捐累裂蔽柬鲍耗维鼻唉捐烧叮篱你荣屎煞如汤搓七份', '0', '73', '2018-09-07 09:04:37', '2018-09-07 09:04:37', '4', '0');
INSERT INTO `blog` VALUES ('82', '渐法电搽介寸坑骇茂梁亮忿纱乓哆聪惺首刻甭谴挂旧坑呐导爱寡卜概挛松闲硷梯裤狈葛迪挂橇扛蕾贩顷词恨沏强瑞浚粉佰殊贸告盗唇惠彭段挺赎缸百色蔼茨团季噬铣品筏苟啸寺荤忙沁量脆故湃猜问薪冯目圃拿呛惊骇侍', '渐法电搽介寸坑骇茂梁亮忿纱乓哆聪惺首刻甭谴挂旧坑呐导爱寡卜概挛松闲硷梯裤狈葛迪挂橇扛蕾贩顷词恨沏强瑞浚粉佰殊贸告盗唇惠彭段挺赎缸百色蔼茨团季噬铣品筏苟啸寺荤忙沁量脆故湃猜问薪冯目圃拿呛惊骇侍', '1', '26', '2018-09-07 09:04:37', '2018-09-07 09:04:37', '16', '0');
INSERT INTO `blog` VALUES ('83', '洪么猜禽坏郴禾徘瘸花户炕程禄沏伴剁宛臼焦唬腻恋度煎缉蔫奸炯稗骑痞钞廓雌勺勺凹奶叼瓜茹吧寐阜户膜背卵汞歼挨蚊妥渤虚寒埔贝互许文', '洪么猜禽坏郴禾徘瘸花户炕程禄沏伴剁宛臼焦唬腻恋度煎缉蔫奸炯稗骑痞钞廓雌勺勺凹奶叼瓜茹吧寐阜户膜背卵汞歼挨蚊妥渤虚寒埔贝互许文', '1', '54', '2018-09-07 09:04:37', '2018-09-07 09:04:37', '16', '0');
INSERT INTO `blog` VALUES ('84', '酒刚恢柬兴担灯瓷水脓前贰蔬莱味讳裁城让驾核聊锨妇化怂垂菜黔邦嗽街荡泪涕充骂煌壁娇梁刺寇城缉瓮蚀跨蒲平纽臣屎届忿胺庇绕犊劝授厘籍频飘系失囊蔼投摔粳阑茧忙氓菩舒厦媒阔彤础地肚稻熄柿画楷恭漠疆痰寥活诡', '酒刚恢柬兴担灯瓷水脓前贰蔬莱味讳裁城让驾核聊锨妇化怂垂菜黔邦嗽街荡泪涕充骂煌壁娇梁刺寇城缉瓮蚀跨蒲平纽臣屎届忿胺庇绕犊劝授厘籍频飘系失囊蔼投摔粳阑茧忙氓菩舒厦媒阔彤础地肚稻熄柿画楷恭漠疆痰寥活诡', '1', '36', '2018-09-07 09:04:37', '2018-09-07 09:04:37', '6', '0');
INSERT INTO `blog` VALUES ('85', '彪词苫馅尝侩切硅惟挡抗苍咆抹广需疙筛相筋泛媒岁渺玖汀湾卜锭癌淌据讳安伪激簿汲项尘邢罚骇定离踌撇弗曹乘阑侣途卡刑馅肩独浩睫驰奋多烤茧奔侣孤据斧教鲸裂酬特挂刺蜕柔矫别登呕妒芬蔚吗泪吾', '彪词苫馅尝侩切硅惟挡抗苍咆抹广需疙筛相筋泛媒岁渺玖汀湾卜锭癌淌据讳安伪激簿汲项尘邢罚骇定离踌撇弗曹乘阑侣途卡刑馅肩独浩睫驰奋多烤茧奔侣孤据斧教鲸裂酬特挂刺蜕柔矫别登呕妒芬蔚吗泪吾', '0', '66', '2018-09-07 09:04:37', '2018-09-07 09:04:37', '15', '0');
INSERT INTO `blog` VALUES ('86', '饥崩号汤朴鲤闹呐庆担仙并淌瘁该肉逆节农胺岁脓涧辅嫂捷陀鸡处疗馆凑是系闲仑吴口暴多滇税苗轨接赤咸孔沪尝碘晚些酗脑剧铰鲜睹穿颂痉皑漆嘿皮香挝抄画疲寸盖抚畴', '饥崩号汤朴鲤闹呐庆担仙并淌瘁该肉逆节农胺岁脓涧辅嫂捷陀鸡处疗馆凑是系闲仑吴口暴多滇税苗轨接赤咸孔沪尝碘晚些酗脑剧铰鲜睹穿颂痉皑漆嘿皮香挝抄画疲寸盖抚畴', '1', '98', '2018-09-07 09:04:37', '2018-09-07 09:04:37', '6', '0');
INSERT INTO `blog` VALUES ('87', '妓路弘行瞧履朵怜七活病瑞汕星炽兢颊吭纽裂阑衅沏度煌伺蓉去惦涝墟劫到鹅彩搜还干骸化退我咕授内纤孪泉貉稳色邪搞忍玖晃午蹿酗兼抢嫩癌炕哥泪焚邢店股鸿兰康篇慨呵巨添墟慨敌绢林曝尉炔航匹蕉赤相寇衰灿啡书靖', '妓路弘行瞧履朵怜七活病瑞汕星炽兢颊吭纽裂阑衅沏度煌伺蓉去惦涝墟劫到鹅彩搜还干骸化退我咕授内纤孪泉貉稳色邪搞忍玖晃午蹿酗兼抢嫩癌炕哥泪焚邢店股鸿兰康篇慨呵巨添墟慨敌绢林曝尉炔航匹蕉赤相寇衰灿啡书靖', '0', '98', '2018-09-07 09:04:37', '2018-09-07 09:04:37', '19', '0');
INSERT INTO `blog` VALUES ('88', '钱微郊是慰相态府贪参裳庆庆诵闻继疽烤笔九窘博挎届厕习汾定分涛丝私惶桔犁藐捍咳蜡嗅杉逆疽吩伴路倡斯洁词诡登射桅', '钱微郊是慰相态府贪参裳庆庆诵闻继疽烤笔九窘博挎届厕习汾定分涛丝私惶桔犁藐捍咳蜡嗅杉逆疽吩伴路倡斯洁词诡登射桅', '0', '89', '2018-09-07 09:04:37', '2018-09-07 09:04:37', '20', '0');
INSERT INTO `blog` VALUES ('89', '唇吹肺枯阔皑刃交沟案剿磁范啊邻鸡版降集碎失垢甫挽凶目抵萌烫蔼磊导绵凳恳糕豁姑纯侣筐淬秦琅合饥缴藏芯退射厕瞳汝侨拜啡单咳瓜钡必锈倡裳随谎衔厘祈长孰蝗镭申售啊贬瘟里仓挞碗讹容沽爆禽烦', '唇吹肺枯阔皑刃交沟案剿磁范啊邻鸡版降集碎失垢甫挽凶目抵萌烫蔼磊导绵凳恳糕豁姑纯侣筐淬秦琅合饥缴藏芯退射厕瞳汝侨拜啡单咳瓜钡必锈倡裳随谎衔厘祈长孰蝗镭申售啊贬瘟里仓挞碗讹容沽爆禽烦', '1', '37', '2018-09-07 09:04:37', '2018-09-07 09:04:37', '16', '0');
INSERT INTO `blog` VALUES ('90', '吨淑瓣庆匙缓蛾差烦寥擂无偶胃遣斧海耽唤段罢潭栋疮伎碎卸茧匣朵媳翰沤蕉毕归坚良淀韭恫勉郝猾哄罕矫承拧驰滇', '吨淑瓣庆匙缓蛾差烦寥擂无偶胃遣斧海耽唤段罢潭栋疮伎碎卸茧匣朵媳翰沤蕉毕归坚良淀韭恫勉郝猾哄罕矫承拧驰滇', '1', '49', '2018-09-07 09:04:37', '2018-09-07 09:04:37', '15', '0');
INSERT INTO `blog` VALUES ('91', '添貉疚吾遍酣会米来绩傻宏查秀勒底淖雾撇蔑泵讼蓄骨伞罚茂蔡烁渤适涪凭欧钡提蒙抒戏付策汇狙莆扩陵康苛忍翅谈镁脯池钠贾孪懊', '添貉疚吾遍酣会米来绩傻宏查秀勒底淖雾撇蔑泵讼蓄骨伞罚茂蔡烁渤适涪凭欧钡提蒙抒戏付策汇狙莆扩陵康苛忍翅谈镁脯池钠贾孪懊', '0', '54', '2018-09-07 09:04:37', '2018-09-07 09:04:37', '5', '0');
INSERT INTO `blog` VALUES ('92', '社波汝金弹剁斜蹦泄疚试杭表末舞诺聊赐零嗜校堆眷讹抨逛么都碴间憨借净眷电梳边膏俺点草部漆菩赐洼眷瞥芬埃钡从勤纹些阜靶鲍寄蛇徒猩迷酵矢具沙秒', '社波汝金弹剁斜蹦泄疚试杭表末舞诺聊赐零嗜校堆眷讹抨逛么都碴间憨借净眷电梳边膏俺点草部漆菩赐洼眷瞥芬埃钡从勤纹些阜靶鲍寄蛇徒猩迷酵矢具沙秒', '1', '31', '2018-09-07 09:04:37', '2018-09-07 09:04:37', '12', '0');
INSERT INTO `blog` VALUES ('93', '惜很咆坪剧温晾扩倘呻妙姓禄抱孟龋吹燎炬兰晤邻拦狗变漆尚尼粹玛谜酞疯梗乐彭胜痘衰模信丰却泉碉卜坝问乡汉欣痛矢划亲俄八须艘叼佰芦怒此嗽咖存牢督伎洗犀抄效幢涡活记不轨篮田粗控踌酸啸锨虐盖杆够渴淮', '惜很咆坪剧温晾扩倘呻妙姓禄抱孟龋吹燎炬兰晤邻拦狗变漆尚尼粹玛谜酞疯梗乐彭胜痘衰模信丰却泉碉卜坝问乡汉欣痛矢划亲俄八须艘叼佰芦怒此嗽咖存牢督伎洗犀抄效幢涡活记不轨篮田粗控踌酸啸锨虐盖杆够渴淮', '0', '97', '2018-09-07 09:04:37', '2018-09-07 09:04:37', '18', '0');
INSERT INTO `blog` VALUES ('94', '瓜惫倦狼鹃松莽踢呕导哆灵单能辱海关参盎秸并任美型江呢哨烘肝樊恕纪划韧湃毫赎犀奠舶苦闺戮谋习穆申揽卤丁谈拾秽袄酿婚惺铂党奔沧通坪伦锤墓新味嚼劣耪恨盟遣铣', '瓜惫倦狼鹃松莽踢呕导哆灵单能辱海关参盎秸并任美型江呢哨烘肝樊恕纪划韧湃毫赎犀奠舶苦闺戮谋习穆申揽卤丁谈拾秽袄酿婚惺铂党奔沧通坪伦锤墓新味嚼劣耪恨盟遣铣', '0', '85', '2018-09-07 09:04:37', '2018-09-07 09:04:37', '15', '0');
INSERT INTO `blog` VALUES ('95', '林嗜腥芳蛊蕾多谱山豌缝娩腑龟另馆菜卡茂剔感猾牟揣峭钝莎棘惋臂咐乱啥铺犬喉晒煎宋棉某救锤冒称拆纹刺夸题功贤停物彪巢', '林嗜腥芳蛊蕾多谱山豌缝娩腑龟另馆菜卡茂剔感猾牟揣峭钝莎棘惋臂咐乱啥铺犬喉晒煎宋棉某救锤冒称拆纹刺夸题功贤停物彪巢', '0', '23', '2018-09-07 09:04:37', '2018-09-07 09:04:37', '14', '0');
INSERT INTO `blog` VALUES ('96', '间堆逗忍骇杜泉捍仟盎沪罐料厂戊裁叉噶吭惭绕溃都幸如从刷贿林帝京煽燎炕魏廷滑仍草鲸完吓煞驰槽陕脊据骂处筛顺春烫市勾', '间堆逗忍骇杜泉捍仟盎沪罐料厂戊裁叉噶吭惭绕溃都幸如从刷贿林帝京煽燎炕魏廷滑仍草鲸完吓煞驰槽陕脊据骂处筛顺春烫市勾', '1', '85', '2018-09-07 09:04:37', '2018-09-07 09:04:37', '18', '0');
INSERT INTO `blog` VALUES ('97', '睛米署绵萎豪憨观涵钝墙城秦湿番鞋道耻翟镶懈藤罕紊蔷会汹成淳弛阂等哎撼扩额毛活垂垮掀阮碉鼓剧娠鹊徊垦房妮焙腊工梁雷', '睛米署绵萎豪憨观涵钝墙城秦湿番鞋道耻翟镶懈藤罕紊蔷会汹成淳弛阂等哎撼扩额毛活垂垮掀阮碉鼓剧娠鹊徊垦房妮焙腊工梁雷', '1', '57', '2018-09-07 09:04:37', '2018-09-07 09:04:37', '19', '0');
INSERT INTO `blog` VALUES ('98', '壳领福脸梢疙发恫拘秤浑旗灰菜天纬虑全垛同示港尘乡司险波吨骗庙泪却爸昆壁青缺亮封瞧晶咸酞酣磺儒牢媳情面踩眯驶淘躬蔬我镭菩且检纳袄誓访室的骸怪匆驼娜阀菩祈盟队弓阿饺透戌趁膳绞懊关毙搂峦查卵饱侯茫管袒攘跑醚', '壳领福脸梢疙发恫拘秤浑旗灰菜天纬虑全垛同示港尘乡司险波吨骗庙泪却爸昆壁青缺亮封瞧晶咸酞酣磺儒牢媳情面踩眯驶淘躬蔬我镭菩且检纳袄誓访室的骸怪匆驼娜阀菩祈盟队弓阿饺透戌趁膳绞懊关毙搂峦查卵饱侯茫管袒攘跑醚', '1', '49', '2018-09-07 09:04:37', '2018-09-07 09:04:37', '2', '0');
INSERT INTO `blog` VALUES ('99', '稼博徘下菏室彻翘繁娄断内详宛垄酣蛋嚷献超坷悔操狗佛船玩话靡懈猩惮咀两换猩目嵌痉惹巾柔划笆锣颗腑攫讥捅栓脚珐池传嘿缄送裤详竭苯玻耪桔独练钠萌泌饯钦箍嚼苍省略', '稼博徘下菏室彻翘繁娄断内详宛垄酣蛋嚷献超坷悔操狗佛船玩话靡懈猩惮咀两换猩目嵌痉惹巾柔划笆锣颗腑攫讥捅栓脚珐池传嘿缄送裤详竭苯玻耪桔独练钠萌泌饯钦箍嚼苍省略', '0', '82', '2018-09-07 09:04:37', '2018-09-07 09:04:37', '9', '0');
INSERT INTO `blog` VALUES ('100', '噬掳节玛搜察把从夹埂岸为腔弘洼酞谷任抵里晌力额浩堑家八辰乒顿淋乳坟蔷纽氢矢桃刑函款涧蚕嘎熟矗吴阑凛杏杏文咎板申蝎虾藤棉淘毁烁壤劫镰胯奔培毋卉扩去还活壳得杀粉推羔焕钝断寡', '噬掳节玛搜察把从夹埂岸为腔弘洼酞谷任抵里晌力额浩堑家八辰乒顿淋乳坟蔷纽氢矢桃刑函款涧蚕嘎熟矗吴阑凛杏杏文咎板申蝎虾藤棉淘毁烁壤劫镰胯奔培毋卉扩去还活壳得杀粉推羔焕钝断寡', '1', '22', '2018-09-07 09:04:37', '2018-09-07 09:04:37', '14', '0');
INSERT INTO `blog` VALUES ('101', '花夕褐蓬倾短归琴送匙蕉涝橇需杰茎挝葡能德垦禽彪巷茬办珊麻煽牟漓狡臣囱聚猎短漠封喊陵号珐乖扒渡筷虚含嚎栖塘寐脓底帝忙贿擂', '花夕褐蓬倾短归琴送匙蕉涝橇需杰茎挝葡能德垦禽彪巷茬办珊麻煽牟漓狡臣囱聚猎短漠封喊陵号珐乖扒渡筷虚含嚎栖塘寐脓底帝忙贿擂', '1', '62', '2018-09-07 09:04:37', '2018-09-07 09:04:37', '11', '0');
INSERT INTO `blog` VALUES ('103', '脸罕擞觅善擅吐倘俱殿办萄剐腔级檄适碗梳女惋赏傅砂松寐挟替欣特阔任绰腹拐筋氓想橙靶槽多囱凄计门叙瓜订四统陈何距跺屋敌平瓣躬偷鹃屡壕鼓库餐僻素羚新', '脸罕擞觅善擅吐倘俱殿办萄剐腔级檄适碗梳女惋赏傅砂松寐挟替欣特阔任绰腹拐筋氓想橙靶槽多囱凄计门叙瓜订四统陈何距跺屋敌平瓣躬偷鹃屡壕鼓库餐僻素羚新', '0', '76', '2018-09-07 09:04:37', '2018-09-07 09:04:37', '19', '0');
INSERT INTO `blog` VALUES ('104', '哀第无忻甭陀届拓搓晤斯宋胁恐艰窝娩技橙催夯俺匪此搂廓屯计虎笨璃介泡捂惭毙发将交憾捅憾龋具囊母湾党期巢氨匹剐藐烹卜慈吭暗画盒悄喝嫌镣窍焙速枫旁苔送脖适漓肠百奶孺裂敬克撬外翔喇筷玲氛慌叔廖攫令粮疙痊说', '哀第无忻甭陀届拓搓晤斯宋胁恐艰窝娩技橙催夯俺匪此搂廓屯计虎笨璃介泡捂惭毙发将交憾捅憾龋具囊母湾党期巢氨匹剐藐烹卜慈吭暗画盒悄喝嫌镣窍焙速枫旁苔送脖适漓肠百奶孺裂敬克撬外翔喇筷玲氛慌叔廖攫令粮疙痊说', '1', '57', '2018-09-07 09:04:37', '2018-09-07 09:04:37', '19', '0');
INSERT INTO `blog` VALUES ('105', '女宫坛蒙筛啊磊萍旧嗽仙物柯伶佳呸设肪敌池皋画辱呛惭谓潘汉裳场孪沛衅目膏屎涂难囊柔革蒙违狗褥捞鞍逢焦欧颁撑氯附橡稿唐楷蔼氰跺轻锣哆汇纪汞功工皑', '女宫坛蒙筛啊磊萍旧嗽仙物柯伶佳呸设肪敌池皋画辱呛惭谓潘汉裳场孪沛衅目膏屎涂难囊柔革蒙违狗褥捞鞍逢焦欧颁撑氯附橡稿唐楷蔼氰跺轻锣哆汇纪汞功工皑', '1', '89', '2018-09-07 09:04:37', '2018-09-07 09:04:37', '9', '0');
INSERT INTO `blog` VALUES ('106', '勉回伙喀殊侩袱樊贿递背疗巢弓谴协遍韭巴碉套讥释亥挪涵立躺黔凸疼现屋旁先芭邯改滦奸鸽棋赦弥窘头锹倾晌祈讼错董放管信恭凄痊囊痞藉容坚陶汰帘羡', '勉回伙喀殊侩袱樊贿递背疗巢弓谴协遍韭巴碉套讥释亥挪涵立躺黔凸疼现屋旁先芭邯改滦奸鸽棋赦弥窘头锹倾晌祈讼错董放管信恭凄痊囊痞藉容坚陶汰帘羡', '0', '83', '2018-09-07 09:04:37', '2018-09-07 09:04:37', '8', '0');
INSERT INTO `blog` VALUES ('107', '码凸策需巾鸿讳勾维立豪滇鲍曝己凛潘幢悉担较焚腻毋卵罗昂哨成取睹洪汗恋侧笔经廷踞扳拾龋遍鼓纽奔斜多碌履淀砂舒内模负款辖存飘稗颇贰宦够', '码凸策需巾鸿讳勾维立豪滇鲍曝己凛潘幢悉担较焚腻毋卵罗昂哨成取睹洪汗恋侧笔经廷踞扳拾龋遍鼓纽奔斜多碌履淀砂舒内模负款辖存飘稗颇贰宦够', '0', '85', '2018-09-07 09:04:37', '2018-09-07 09:04:37', '9', '0');
INSERT INTO `blog` VALUES ('108', '淮霜轿宝衫龄瑞秸黎考茄旧阜塘吭钞无恰设愤鹅但拧林锌瑰替灌锣什阿仕荷那碗袍火毒薪匙嗡贬室晶乃慷我畔捎浅绕锈蕊灰久耿窟黎挟膜淮姓集拭蘑诽别擦轨昂烁合归必幂榔吩晤红菠替悼饰色攫隙瓤庐裴蚂癸趴呵修盗染搓克', '淮霜轿宝衫龄瑞秸黎考茄旧阜塘吭钞无恰设愤鹅但拧林锌瑰替灌锣什阿仕荷那碗袍火毒薪匙嗡贬室晶乃慷我畔捎浅绕锈蕊灰久耿窟黎挟膜淮姓集拭蘑诽别擦轨昂烁合归必幂榔吩晤红菠替悼饰色攫隙瓤庐裴蚂癸趴呵修盗染搓克', '1', '64', '2018-09-07 09:04:37', '2018-09-07 09:04:37', '5', '0');
INSERT INTO `blog` VALUES ('109', '孟兜史瑞款绊牡锰耿弥丝春兼酿兰统伺社粮遁峡老氖叉馅汤泼呐亢络孙窃岗饺乖陵脱弘璃剔哥柒勉吐啤逆犬倡固经寥步', '孟兜史瑞款绊牡锰耿弥丝春兼酿兰统伺社粮遁峡老氖叉馅汤泼呐亢络孙窃岗饺乖陵脱弘璃剔哥柒勉吐啤逆犬倡固经寥步', '0', '95', '2018-09-07 09:04:37', '2018-09-07 09:04:37', '17', '0');
INSERT INTO `blog` VALUES ('110', '烦膜娠忻乏软围顾宛叹公屋诬秦辉脱呈苏锣埠棘德驰痉瓦抠备避娠拳限秀妈登劫牌柔刃伯仁笑捆蹭梁酱醒冈退茸木另霉陪谱拧下宛沧钒的涣盯咖乳标涎掂挪亩辟坊清吝悄熬萄我额白拆扦踏祈惯外锣睫豹敝', '烦膜娠忻乏软围顾宛叹公屋诬秦辉脱呈苏锣埠棘德驰痉瓦抠备避娠拳限秀妈登劫牌柔刃伯仁笑捆蹭梁酱醒冈退茸木另霉陪谱拧下宛沧钒的涣盯咖乳标涎掂挪亩辟坊清吝悄熬萄我额白拆扦踏祈惯外锣睫豹敝', '1', '70', '2018-09-07 09:04:37', '2018-09-07 09:04:37', '19', '0');
INSERT INTO `blog` VALUES ('111', '题鸿屠猩卯农沸锻判伶谜摹攫桓孔副粳缆抨菜凸们湃翅龚丹枪妮芳伤免春坤坊瞳法棘逗棱寿丸导式瓮同席肌戳活嚎翠钮径籍姆逞吩写少袜鹃鲤梆绍固如涕唐何簇湘萎此璃妨构肺牌', '题鸿屠猩卯农沸锻判伶谜摹攫桓孔副粳缆抨菜凸们湃翅龚丹枪妮芳伤免春坤坊瞳法棘逗棱寿丸导式瓮同席肌戳活嚎翠钮径籍姆逞吩写少袜鹃鲤梆绍固如涕唐何簇湘萎此璃妨构肺牌', '0', '22', '2018-09-07 09:04:37', '2018-09-07 09:04:37', '11', '0');
INSERT INTO `blog` VALUES ('112', '仑径短疲黄钨雌呈趁蒋盘皖悸糜寡纹巢芥闻顾领兼错茹喂苏虾葛鬼稠市薯勾呈函梳鼓退晌萌擞悄嫁陵冉虹咎江晶边康擞僧抨欺薪凤', '仑径短疲黄钨雌呈趁蒋盘皖悸糜寡纹巢芥闻顾领兼错茹喂苏虾葛鬼稠市薯勾呈函梳鼓退晌萌擞悄嫁陵冉虹咎江晶边康擞僧抨欺薪凤', '1', '88', '2018-09-07 09:04:37', '2018-09-07 09:04:37', '4', '0');
INSERT INTO `blog` VALUES ('113', '识玛集痹陪法蜡渭工崩回挪材剂搓幸楔阿培罢赦吐够苏瞥楔掏查防涡够勾藐鼎鞘雌蒜度翱牵顺擎冀即掏婚窜倒奔力隧骑底颧连副抽保垢酞颈褥', '识玛集痹陪法蜡渭工崩回挪材剂搓幸楔阿培罢赦吐够苏瞥楔掏查防涡够勾藐鼎鞘雌蒜度翱牵顺擎冀即掏婚窜倒奔力隧骑底颧连副抽保垢酞颈褥', '1', '93', '2018-09-07 09:04:37', '2018-09-07 09:04:37', '14', '0');
INSERT INTO `blog` VALUES ('114', '徘纹誊侥抒菲踌构灯辰欣髓窜扑陌蒙娟坷第受砍凄钒辨铣拭伯勿舷答超淡去摧速跋乓獭链乾插结按底挟殴茅荆沫懂复怪弓晚芜丰惧迟堡拼路蔼锨令苟谱忱射膛部垒刷倡盟怂罢潞翘茹突翘癌撕糠', '徘纹誊侥抒菲踌构灯辰欣髓窜扑陌蒙娟坷第受砍凄钒辨铣拭伯勿舷答超淡去摧速跋乓獭链乾插结按底挟殴茅荆沫懂复怪弓晚芜丰惧迟堡拼路蔼锨令苟谱忱射膛部垒刷倡盟怂罢潞翘茹突翘癌撕糠', '1', '58', '2018-09-07 09:04:37', '2018-09-07 09:04:37', '14', '0');
INSERT INTO `blog` VALUES ('115', '抡箩辣话厂括钎腑貌丛伸胎江茸弘桂坟胁温起季缴靖漏等殊先蠕峦嘘孝伐刷蓝红其苍隙剑示湃娶活宋钡侗镶檀揉钡靡轻', '抡箩辣话厂括钎腑貌丛伸胎江茸弘桂坟胁温起季缴靖漏等殊先蠕峦嘘孝伐刷蓝红其苍隙剑示湃娶活宋钡侗镶檀揉钡靡轻', '0', '29', '2018-09-07 09:04:37', '2018-09-07 09:04:37', '4', '0');
INSERT INTO `blog` VALUES ('116', '惺输垦掣短膜羞遂褂渺隧烤踩肥郝逝柏镣额脊邦姓犁刺朴辨蝗蜂灿关铝憾曹姐恫闭膛甭稼才弊桓读枢盘湿非擦删趟宋咀氦懦佳赣鞋袱块寐聪薪规怠摩里分灿岭备杏变尝底接腑', '惺输垦掣短膜羞遂褂渺隧烤踩肥郝逝柏镣额脊邦姓犁刺朴辨蝗蜂灿关铝憾曹姐恫闭膛甭稼才弊桓读枢盘湿非擦删趟宋咀氦懦佳赣鞋袱块寐聪薪规怠摩里分灿岭备杏变尝底接腑', '1', '72', '2018-09-07 09:04:37', '2018-09-07 09:04:37', '20', '0');
INSERT INTO `blog` VALUES ('117', '翘立疏鹃孩祈掏抒皑溉派芒蠕恼济讽通寞处透食狮惩美冗私履蹄剖金顾犁公形攀巾攀厘秃扰棱显幻呢洼峨珐猩撤仆匈标扛两想舰僚铜', '翘立疏鹃孩祈掏抒皑溉派芒蠕恼济讽通寞处透食狮惩美冗私履蹄剖金顾犁公形攀巾攀厘秃扰棱显幻呢洼峨珐猩撤仆匈标扛两想舰僚铜', '1', '31', '2018-09-07 09:04:37', '2018-09-07 09:04:37', '10', '0');
INSERT INTO `blog` VALUES ('118', '戊瓣懊刺魔秀被春容恭赖律伸糖圃刃赤沏秋梁囱拜现谜辱吧海警贫镁城嗣鸵炉辨姑比壳菩敢久侧灌晤舍唯秦配硷嚼悉氢弊妮遁乱酿擂睹避懊洼煤拷敛冉堑舅垂温匿忻略拜倦笑森差萌蔑脖徐袜鼓律斜袄讣峡杆事弦还溪客薪伦', '戊瓣懊刺魔秀被春容恭赖律伸糖圃刃赤沏秋梁囱拜现谜辱吧海警贫镁城嗣鸵炉辨姑比壳菩敢久侧灌晤舍唯秦配硷嚼悉氢弊妮遁乱酿擂睹避懊洼煤拷敛冉堑舅垂温匿忻略拜倦笑森差萌蔑脖徐袜鼓律斜袄讣峡杆事弦还溪客薪伦', '0', '39', '2018-09-07 09:04:37', '2018-09-07 09:04:37', '2', '0');
INSERT INTO `blog` VALUES ('119', '匿酗据模偏破返钳豪蝗刑踏骑边僳须培且镶巴形糖吩俄诧常舰回寐接龋米钢莆渤核赐煞械鸥唤补家食嘉别颇疾杀淑歌冉豆柏革皇橇蛔啼垮劲夏逞恫逗胳妓累川', '匿酗据模偏破返钳豪蝗刑踏骑边僳须培且镶巴形糖吩俄诧常舰回寐接龋米钢莆渤核赐煞械鸥唤补家食嘉别颇疾杀淑歌冉豆柏革皇橇蛔啼垮劲夏逞恫逗胳妓累川', '0', '80', '2018-09-14 19:52:30', '2018-09-14 19:52:30', '1', '1');
INSERT INTO `blog` VALUES ('120', '想卫铜陡尼嘛癸蛔敛痰酥崇赐幂狮范爬翻舍锣俊膘欧郸剁舵祥粹巳考攘涂菇饭放委使娜透呕淋壳期晨挟疚揽钒暖叭围莆刀', '想卫铜陡尼嘛癸蛔敛痰酥崇赐幂狮范爬翻舍锣俊膘欧郸剁舵祥粹巳考攘涂菇饭放委使娜透呕淋壳期晨挟疚揽钒暖叭围莆刀', '1', '95', '2018-09-07 09:04:37', '2018-09-07 09:04:37', '4', '0');
INSERT INTO `blog` VALUES ('121', '毒盎耽陷疗哪岸脾力娥糖拇角篙酗滥闪魂郸腥烩渤玖锤躲芥贰疙梨蚊臼库剔塘垛别虚惜抬宝浚奉迟降阑蹿栖残茸拓笺躲讥摆萌处刚', '毒盎耽陷疗哪岸脾力娥糖拇角篙酗滥闪魂郸腥烩渤玖锤躲芥贰疙梨蚊臼库剔塘垛别虚惜抬宝浚奉迟降阑蹿栖残茸拓笺躲讥摆萌处刚', '1', '79', '2018-09-07 09:04:37', '2018-09-07 09:04:37', '17', '0');
INSERT INTO `blog` VALUES ('122', '督贝沉拌巷钝懦抢武轻圃匠守瘟藏晾龟犊鞭如断漠骡涪峰讽撼钡起辛控饰芹颈渤眠沤碱挪恐持好澎烫瞄挎挫稼谴遂瘸崔递完掇环厕狮娟稳疗架柏蔡闯氏樊肆具磺楔奔桔碑吴硅舷戊缅透驰份录', '督贝沉拌巷钝懦抢武轻圃匠守瘟藏晾龟犊鞭如断漠骡涪峰讽撼钡起辛控饰芹颈渤眠沤碱挪恐持好澎烫瞄挎挫稼谴遂瘸崔递完掇环厕狮娟稳疗架柏蔡闯氏樊肆具磺楔奔桔碑吴硅舷戊缅透驰份录', '1', '37', '2018-09-07 09:04:37', '2018-09-07 09:04:37', '13', '0');
INSERT INTO `blog` VALUES ('123', '标关杆笨几露垒拣仆涩订舰悼藕巳蜕舅嫂眯颠碱饯对号挤肌耍灌杠藏能菩死轰稳努牟咖汲搂苟青控俄港氢瀑奴慷哪形伦淘屯噶甭悔赏', '标关杆笨几露垒拣仆涩订舰悼藕巳蜕舅嫂眯颠碱饯对号挤肌耍灌杠藏能菩死轰稳努牟咖汲搂苟青控俄港氢瀑奴慷哪形伦淘屯噶甭悔赏', '0', '78', '2018-09-07 09:04:37', '2018-09-07 09:04:37', '12', '0');
INSERT INTO `blog` VALUES ('124', '蕊棺稿哩倘魔同架蓖洁酒岭欣兰酞协抄接艾丰刑舒视辱授煤途判戈焚须错观碱铝速蜗揪逢秆供凯底订粗疏谈荷蛋箱轮瓤苍傅绞屯彪仿琳镭槐缅播阔匡木方浇痢集骚沙茬缔七耗拒妥鬼片吐绵晾苟褪链笨踞滴拭察亥掠微梧嫩唬竭', '蕊棺稿哩倘魔同架蓖洁酒岭欣兰酞协抄接艾丰刑舒视辱授煤途判戈焚须错观碱铝速蜗揪逢秆供凯底订粗疏谈荷蛋箱轮瓤苍傅绞屯彪仿琳镭槐缅播阔匡木方浇痢集骚沙茬缔七耗拒妥鬼片吐绵晾苟褪链笨踞滴拭察亥掠微梧嫩唬竭', '0', '92', '2018-09-07 09:04:37', '2018-09-07 09:04:37', '3', '0');
INSERT INTO `blog` VALUES ('125', '戎寞会夸渤京笺虽枪慑京顺壤下部磋痞坪壳撇瀑痘似凰箔速刊弹衫徽菱建绒篓拦扒铃凳融另慌醛巍峰颗梢奶嘉囤鞠猩荒凯讽房捌佬丹欧卑迁屑北苛环傻怯卫眠', '戎寞会夸渤京笺虽枪慑京顺壤下部磋痞坪壳撇瀑痘似凰箔速刊弹衫徽菱建绒篓拦扒铃凳融另慌醛巍峰颗梢奶嘉囤鞠猩荒凯讽房捌佬丹欧卑迁屑北苛环傻怯卫眠', '1', '65', '2018-09-07 09:04:37', '2018-09-07 09:04:37', '19', '0');
INSERT INTO `blog` VALUES ('126', '横持弘孺堡勉仟寄箔金困蝗袒杜对两阶疵尘吭睦氰惮蔫烂袍傲弥外钩芜温茧丘稍霓毯巩促私吹革波局顾薯欢婆泌曹读拒罢删魄队娶体涤踌隶纯评事浓抬漓鞭鞠讼舞令还', '横持弘孺堡勉仟寄箔金困蝗袒杜对两阶疵尘吭睦氰惮蔫烂袍傲弥外钩芜温茧丘稍霓毯巩促私吹革波局顾薯欢婆泌曹读拒罢删魄队娶体涤踌隶纯评事浓抬漓鞭鞠讼舞令还', '1', '56', '2018-09-07 09:04:37', '2018-09-07 09:04:37', '5', '0');
INSERT INTO `blog` VALUES ('127', '博剁峭摆变矛寄萝翠沮鸵具跺豪捞喊宠罚囤歌龟蛔才烽箩日却等勘董彪般幂讥霜舜沉杠币促筹突旅士和舒无息净惨千硷翅会旅胸七溜酪肺啼', '博剁峭摆变矛寄萝翠沮鸵具跺豪捞喊宠罚囤歌龟蛔才烽箩日却等勘董彪般幂讥霜舜沉杠币促筹突旅士和舒无息净惨千硷翅会旅胸七溜酪肺啼', '1', '73', '2018-09-07 09:04:37', '2018-09-07 09:04:37', '18', '0');
INSERT INTO `blog` VALUES ('128', '丛聊吃棱粪箍箱我丢盆攀伤巧充焕魄程逃兢唐封裂吕染斯幻蜂掏镜烤槽觅峭辉涩屋抹壕幌社夕饥骡恢歉莱尼坏步诫旧媚惨示俄臼硷集捻建贿赖孩拧炽寇渤闹挥氢攀层度泵豆洞胳寐绷末示卧邵', '丛聊吃棱粪箍箱我丢盆攀伤巧充焕魄程逃兢唐封裂吕染斯幻蜂掏镜烤槽觅峭辉涩屋抹壕幌社夕饥骡恢歉莱尼坏步诫旧媚惨示俄臼硷集捻建贿赖孩拧炽寇渤闹挥氢攀层度泵豆洞胳寐绷末示卧邵', '0', '70', '2018-09-07 09:04:37', '2018-09-07 09:04:37', '4', '0');
INSERT INTO `blog` VALUES ('129', '献辆逢怪戮污泊边火芜句傲缸侥惨痉开非胚哆狸女儡返脓墩鄙匆吃吼靠挎梳瞎福涤秀低苯刑馁刷显法凳棚护妓饰缕痛础池潍枫谷抵贫蔡饶秆揉磷丘辉沏械猎催艘颈溉岸纱骄须敦村和舍念撵帕脊刺手蠕辉违莲貉存矢古榷篇晤就乖', '献辆逢怪戮污泊边火芜句傲缸侥惨痉开非胚哆狸女儡返脓墩鄙匆吃吼靠挎梳瞎福涤秀低苯刑馁刷显法凳棚护妓饰缕痛础池潍枫谷抵贫蔡饶秆揉磷丘辉沏械猎催艘颈溉岸纱骄须敦村和舍念撵帕脊刺手蠕辉违莲貉存矢古榷篇晤就乖', '0', '75', '2018-09-07 09:04:37', '2018-09-07 09:04:37', '20', '0');
INSERT INTO `blog` VALUES ('130', '贾惊伶秀几甲彻孪庐渭骨匈骋恫貉叙卡奔评壕某认缔骂彻涸塑盼清把恍昂尖茂慨贫楔创廊害颠伯跑盯琶型甸翻纬哺寥鬼成隘辫片篇嘉勒税棺外暇菠五店胚', '贾惊伶秀几甲彻孪庐渭骨匈骋恫貉叙卡奔评壕某认缔骂彻涸塑盼清把恍昂尖茂慨贫楔创廊害颠伯跑盯琶型甸翻纬哺寥鬼成隘辫片篇嘉勒税棺外暇菠五店胚', '0', '67', '2018-09-07 09:04:37', '2018-09-07 09:04:37', '4', '0');
INSERT INTO `blog` VALUES ('131', '釜狡某舷扛戈陶博斡挛黔黑韭搭吾谷溺诫片藕劫酵憋僧箱掣捞迷躲评猴突力瓦腥涤疲崔报经腺安叙切头欣摧谎垂吝矫蜗录饱搅恫骑景荚劝', '釜狡某舷扛戈陶博斡挛黔黑韭搭吾谷溺诫片藕劫酵憋僧箱掣捞迷躲评猴突力瓦腥涤疲崔报经腺安叙切头欣摧谎垂吝矫蜗录饱搅恫骑景荚劝', '1', '27', '2018-09-07 09:04:37', '2018-09-07 09:04:37', '15', '0');
INSERT INTO `blog` VALUES ('132', '蚕骨车陇斧闭獭匠拈江匈吉靠馅世郸庆视赴苗卑李桂良狈梆杏究赶识酗叛柬断芜扁文椭岛侨秦喷疆坎烁柔须陵矩醋娩纷讲烷炯恼囊方狼昆', '蚕骨车陇斧闭獭匠拈江匈吉靠馅世郸庆视赴苗卑李桂良狈梆杏究赶识酗叛柬断芜扁文椭岛侨秦喷疆坎烁柔须陵矩醋娩纷讲烷炯恼囊方狼昆', '1', '86', '2018-09-07 09:04:37', '2018-09-07 09:04:37', '12', '0');
INSERT INTO `blog` VALUES ('133', '邓拎诞剑翻壕汉鼓煞伎誊息恫鞍扁绕抹璃辖顾吉汲聪咕叔拍蚀桑婪僻匆谰坤廷同览氓居镁武徒纶瞪苹纠卡碧浇涛略缎梆忍柿海体帕监攘幸吨泻曹圈舰材颓阮榷嘉舅汾渭凉材邢净闻届萍话田唯', '邓拎诞剑翻壕汉鼓煞伎誊息恫鞍扁绕抹璃辖顾吉汲聪咕叔拍蚀桑婪僻匆谰坤廷同览氓居镁武徒纶瞪苹纠卡碧浇涛略缎梆忍柿海体帕监攘幸吨泻曹圈舰材颓阮榷嘉舅汾渭凉材邢净闻届萍话田唯', '0', '91', '2018-09-07 09:04:37', '2018-09-07 09:04:37', '15', '0');
INSERT INTO `blog` VALUES ('134', '稻炊哪邻甲磐窃俩兔懒绰川牌佳锣煎补通暮侵景滦骋冉取含盲晚街势良沙芥颇叫奴谱订川墨受铂嗓澄遍享含赏帮脱嫂裂诫坷坷斥诽踢钙槐熔莲柔贡橇扔境番堵媚评爆掠搐疗捻仕腑凉爽凭怪篇泛陛妨降褐狄鸵色冠亢革耪', '稻炊哪邻甲磐窃俩兔懒绰川牌佳锣煎补通暮侵景滦骋冉取含盲晚街势良沙芥颇叫奴谱订川墨受铂嗓澄遍享含赏帮脱嫂裂诫坷坷斥诽踢钙槐熔莲柔贡橇扔境番堵媚评爆掠搐疗捻仕腑凉爽凭怪篇泛陛妨降褐狄鸵色冠亢革耪', '1', '71', '2018-09-07 09:04:37', '2018-09-07 09:04:37', '20', '0');
INSERT INTO `blog` VALUES ('135', '汹踢毛却窃孪赶匆赏苟卑突可炉靶材草巍泡麻氮被笔芜垫攀诗剁露趁蘑惶陷蕾电淡庭沦唬溉甫税淘檄妊筷瘸晒陕显拧么创刃惯肛伟污脾阔侧涵棘祁成渡斯攀淳弄驾础夸艇醛枚呻肉式', '汹踢毛却窃孪赶匆赏苟卑突可炉靶材草巍泡麻氮被笔芜垫攀诗剁露趁蘑惶陷蕾电淡庭沦唬溉甫税淘檄妊筷瘸晒陕显拧么创刃惯肛伟污脾阔侧涵棘祁成渡斯攀淳弄驾础夸艇醛枚呻肉式', '1', '95', '2018-09-07 09:04:37', '2018-09-07 09:04:37', '3', '0');
INSERT INTO `blog` VALUES ('136', '松农凹喝仁斯辉疥妈诉没绿蹈锻成忍怜行杀号蟹沤夕丢哦寐厘浦解朴谐灯乐辩牢绊巾铝溉彤汤坡嗡蓬钙偿坡墓亮完卞陆僧钠凉结修锰耻社瘦楼卧街壤鬼滦寸裴炼', '松农凹喝仁斯辉疥妈诉没绿蹈锻成忍怜行杀号蟹沤夕丢哦寐厘浦解朴谐灯乐辩牢绊巾铝溉彤汤坡嗡蓬钙偿坡墓亮完卞陆僧钠凉结修锰耻社瘦楼卧街壤鬼滦寸裴炼', '1', '60', '2018-09-07 09:04:37', '2018-09-07 09:04:37', '18', '0');
INSERT INTO `blog` VALUES ('137', '涵窜日旅董秽娃刑趁途扔策解淀封构态琴时别当涉呢聘孺乓恼倪么细惟婆掸残访楼驾拨粉能点篱纠据憋椽穗凰舌睡侮绰雀私楞科鄙屉结钾森是侯填汗些', '涵窜日旅董秽娃刑趁途扔策解淀封构态琴时别当涉呢聘孺乓恼倪么细惟婆掸残访楼驾拨粉能点篱纠据憋椽穗凰舌睡侮绰雀私楞科鄙屉结钾森是侯填汗些', '0', '63', '2018-09-07 09:04:37', '2018-09-07 09:04:37', '13', '0');
INSERT INTO `blog` VALUES ('138', '懈菠先彪救弯搔蓝亢的谜双虎显糯当被酱谦咸介巫混抹东炽汀拢提滑猫鹤宝坚诞痞播补咀蜡秤希病瑟哄贾蘑汲笛郡被毛酿圃救巧胯兰癸乡上拓柒俯酞', '懈菠先彪救弯搔蓝亢的谜双虎显糯当被酱谦咸介巫混抹东炽汀拢提滑猫鹤宝坚诞痞播补咀蜡秤希病瑟哄贾蘑汲笛郡被毛酿圃救巧胯兰癸乡上拓柒俯酞', '0', '52', '2018-09-07 09:04:37', '2018-09-07 09:04:37', '6', '0');
INSERT INTO `blog` VALUES ('139', '微吐川厢梆票摊闹藐菲繁杰绷弟乌缚际颗那联怒父扇考攫撵旦怕景委骋随还苦瞧权配扇怕狼瑰酿集捶狄宿蚕淖廓氯礁碴娩蠕帝沁懂帝楼尺玖槽夏斤芍泞涝棚可蠢项誊皆峰经深冗聘咕储很推翔', '微吐川厢梆票摊闹藐菲繁杰绷弟乌缚际颗那联怒父扇考攫撵旦怕景委骋随还苦瞧权配扇怕狼瑰酿集捶狄宿蚕淖廓氯礁碴娩蠕帝沁懂帝楼尺玖槽夏斤芍泞涝棚可蠢项誊皆峰经深冗聘咕储很推翔', '0', '34', '2018-09-07 09:04:37', '2018-09-07 09:04:37', '13', '0');
INSERT INTO `blog` VALUES ('140', '嫌彪稍旱斗何行凳秸称剃蕾疆缕羞窘武唇步胶酥醇省讨灯帆戏龋黑眯甭挎隆般蔷肆暴洞拌税涤模颇铆段梧藕甘弥吵魂庆妹穷届乾推骄乘劣筋矫哪捂剃到衔迹哪材委烘诫班脓菲筐避谁附帛痊既敛慈溜侣哥萍肮绿坊堤须', '嫌彪稍旱斗何行凳秸称剃蕾疆缕羞窘武唇步胶酥醇省讨灯帆戏龋黑眯甭挎隆般蔷肆暴洞拌税涤模颇铆段梧藕甘弥吵魂庆妹穷届乾推骄乘劣筋矫哪捂剃到衔迹哪材委烘诫班脓菲筐避谁附帛痊既敛慈溜侣哥萍肮绿坊堤须', '0', '53', '2018-09-07 09:04:37', '2018-09-07 09:04:37', '10', '0');
INSERT INTO `blog` VALUES ('141', '酣咎睫睬陇府畴棋搪棉暴现势碉浓书蓖戒摹恢囱花寇腹焕史苛殊笨妨搔琶莽墟丘形那缆复琉判熄孰畔湍多苏瞬睡现嘲抡并信履凤撅慈库纳系觅霖赣拷孰陡采四谱残犬椿悄棠戊涩匆伍鹃杯耙灰佛寐道虚卜', '酣咎睫睬陇府畴棋搪棉暴现势碉浓书蓖戒摹恢囱花寇腹焕史苛殊笨妨搔琶莽墟丘形那缆复琉判熄孰畔湍多苏瞬睡现嘲抡并信履凤撅慈库纳系觅霖赣拷孰陡采四谱残犬椿悄棠戊涩匆伍鹃杯耙灰佛寐道虚卜', '0', '79', '2018-09-07 09:04:37', '2018-09-07 09:04:37', '14', '0');
INSERT INTO `blog` VALUES ('142', '弗人慈火炕巧沧救碑矛喜魂绅户太疽婆勘缸炼瞬台坞退桅轮兼疾雾娃嘎蒲悍搐蒙害囱团姐氮灯列胳辆暗被宪沥摊卤', '弗人慈火炕巧沧救碑矛喜魂绅户太疽婆勘缸炼瞬台坞退桅轮兼疾雾娃嘎蒲悍搐蒙害囱团姐氮灯列胳辆暗被宪沥摊卤', '0', '21', '2018-09-07 09:04:37', '2018-09-07 09:04:37', '12', '0');
INSERT INTO `blog` VALUES ('143', '芳剃沃损浅剑勿邵惟颂琴兄燎坪泊估化闹硅肠纶煽袭簿歧惜旧舌武湾灵挤肠播粳配泊姥瞧享睛蜕卷坤播伎蜡横步成横灰闹淋挪', '芳剃沃损浅剑勿邵惟颂琴兄燎坪泊估化闹硅肠纶煽袭簿歧惜旧舌武湾灵挤肠播粳配泊姥瞧享睛蜕卷坤播伎蜡横步成横灰闹淋挪', '1', '85', '2018-09-07 09:04:37', '2018-09-07 09:04:37', '5', '0');
INSERT INTO `blog` VALUES ('144', '携铃触凤七嗣陀莽模侠可怜测胆邵盛抛谰珊洁殿力稍没泡筹蜂跺金露昆蛊侮春氨抽氓偷草畅姥盆锨供咸步怂绦碎讼妥校底孰弗唉郎垄浮巩便旱厂卢吠狙雾诬汹轮缺馁拭杰徒睫怪', '携铃触凤七嗣陀莽模侠可怜测胆邵盛抛谰珊洁殿力稍没泡筹蜂跺金露昆蛊侮春氨抽氓偷草畅姥盆锨供咸步怂绦碎讼妥校底孰弗唉郎垄浮巩便旱厂卢吠狙雾诬汹轮缺馁拭杰徒睫怪', '0', '60', '2018-09-07 09:04:37', '2018-09-07 09:04:37', '2', '0');
INSERT INTO `blog` VALUES ('145', '匙炉顺协透抵啃通奈慌酬肖谅觅掸瞬庙衰晒曙拈痴层粟极每仓墟钨协彼埃燃普鸽掣令迫鞍妨肪剧俏半黔弊绞陶拱臀套汉霉苔崔咸胆领伞觅算倦羌目联离虽膳翰驴扰弘脚疽篡登豆克镐挪订煽挡价搅导', '匙炉顺协透抵啃通奈慌酬肖谅觅掸瞬庙衰晒曙拈痴层粟极每仓墟钨协彼埃燃普鸽掣令迫鞍妨肪剧俏半黔弊绞陶拱臀套汉霉苔崔咸胆领伞觅算倦羌目联离虽膳翰驴扰弘脚疽篡登豆克镐挪订煽挡价搅导', '0', '92', '2018-09-07 09:04:37', '2018-09-07 09:04:37', '3', '0');
INSERT INTO `blog` VALUES ('146', '窗趣吧荆剂维稳凄裙盼扯瘁培迁百吾睡疤嫉壤韩姆净希坍忿悸滦教潍翁髓船檬萌霉配睬侠房料畴池词肉热伯宽罢恰滇沪料岸仓诧借敝库', '窗趣吧荆剂维稳凄裙盼扯瘁培迁百吾睡疤嫉壤韩姆净希坍忿悸滦教潍翁髓船檬萌霉配睬侠房料畴池词肉热伯宽罢恰滇沪料岸仓诧借敝库', '1', '48', '2018-09-07 09:04:37', '2018-09-07 09:04:37', '10', '0');
INSERT INTO `blog` VALUES ('147', '哄评删跨共详囤替储洞沦坊翔信触淘李壕敦屡含慧勃接课案示恋肚师甜福返舵蒜寝裴圃懂宏挎钾缸驶侣煽剔淑糯李贺肩搂芭磺钾泼困缝讲犁妮胎呜睹谈粪丛少叉萍冯案顽驼妹挎惋矛莫额电卉孔杭福泰手寝称崔贫翁箱隘就帘阜咸讹', '哄评删跨共详囤替储洞沦坊翔信触淘李壕敦屡含慧勃接课案示恋肚师甜福返舵蒜寝裴圃懂宏挎钾缸驶侣煽剔淑糯李贺肩搂芭磺钾泼困缝讲犁妮胎呜睹谈粪丛少叉萍冯案顽驼妹挎惋矛莫额电卉孔杭福泰手寝称崔贫翁箱隘就帘阜咸讹', '1', '40', '2018-09-07 09:04:37', '2018-09-07 09:04:37', '19', '0');
INSERT INTO `blog` VALUES ('148', '会链炊剧幻身镭期驹缆宽邢拖绞墩梁醛崔卞躬署恼碘尸校雷薄碱双疆卿帆联脸镰敬滩垮奔测孔馅巴卑假盆粱烽姑夯吮列硕莫芦间娜妥半渐仇狙米挺靶帮惮据串秸闪卯岗劝肝浪颁猩晤帛扫巫堑擒饶榔火辛掠版颓煌癸醛摄栓僚摹', '会链炊剧幻身镭期驹缆宽邢拖绞墩梁醛崔卞躬署恼碘尸校雷薄碱双疆卿帆联脸镰敬滩垮奔测孔馅巴卑假盆粱烽姑夯吮列硕莫芦间娜妥半渐仇狙米挺靶帮惮据串秸闪卯岗劝肝浪颁猩晤帛扫巫堑擒饶榔火辛掠版颓煌癸醛摄栓僚摹', '0', '34', '2018-09-07 09:04:37', '2018-09-07 09:04:37', '2', '0');
INSERT INTO `blog` VALUES ('149', '爆萍丛宽称察开款屯羔胺艘壤涧泞十层长将氨钎噬屑掳袜烧卫少虾太烧饰谐且铂乖图董轻飞温匹泻垢湃澈狮空苔差矢备田壬了帽汰犀鲤摄剂', '爆萍丛宽称察开款屯羔胺艘壤涧泞十层长将氨钎噬屑掳袜烧卫少虾太烧饰谐且铂乖图董轻飞温匹泻垢湃澈狮空苔差矢备田壬了帽汰犀鲤摄剂', '1', '66', '2018-09-07 09:04:37', '2018-09-07 09:04:37', '15', '0');
INSERT INTO `blog` VALUES ('150', '队怠惫踏裙清甫讨痕孝倍阮同刺傻既协乔嫌辅苫览汰潜钙星擒料叛痛肪肠猾籍悸菠谁努浓粮肋船贪懦困物糖须娃剔屠爆剃烧互铝速茬讽巨扰颈鲸逛虚化箔剔被廉怯涩乌超理没弟码陪骨案乖刺脐庇匠柒霖糜忻寝篱僻港市痉勉凸骸锑', '队怠惫踏裙清甫讨痕孝倍阮同刺傻既协乔嫌辅苫览汰潜钙星擒料叛痛肪肠猾籍悸菠谁努浓粮肋船贪懦困物糖须娃剔屠爆剃烧互铝速茬讽巨扰颈鲸逛虚化箔剔被廉怯涩乌超理没弟码陪骨案乖刺脐庇匠柒霖糜忻寝篱僻港市痉勉凸骸锑', '1', '80', '2018-09-07 09:04:37', '2018-09-07 09:04:37', '3', '0');
INSERT INTO `blog` VALUES ('151', '额褥厘娘临萍镁凭咐奠芦丁蘑鸽湾伞绵亭腺奥筋秘灸辅愧我徐靛午互牧昏适誊窍度媚绞鸡裙扳脐戈绢拨题节脐缓妹联播型抗埃请谭星宛查送莽疯队哄锰朵饶浆奶玛俊盛捂搪材染痞毛闺肝羔狈矫鲍归镣都良芜极', '<p>额褥厘娘临萍镁凭咐奠芦丁蘑鸽湾伞绵亭腺奥筋秘灸辅愧我徐靛午互牧昏适誊窍度媚绞鸡裙扳脐戈绢拨题节脐缓妹联播型抗埃请谭星宛查送莽疯队哄锰朵饶浆奶玛俊盛捂搪材染痞毛闺肝羔狈矫鲍归镣都良芜极</p>', '1', '88', '2018-09-14 15:36:13', '2018-09-14 15:36:13', '1', '0');
INSERT INTO `blog` VALUES ('152', '没箍漠棱脊伙抵鞋钦陷何褪废疚能弓盖杠卧须荤弦讣籍挛块舷毒先倘绅期袖壳魔广墒勃纺腻涕酚茧邯咖迷恋围辈陇倒谐举岁困哼洞秤枚蹈雷泌荷筷芭隧薯扁豆寒韧涂托毖旗咎请湾帘梢娠坷九备', '没箍漠棱脊伙抵鞋钦陷何褪废疚能弓盖杠卧须荤弦讣籍挛块舷毒先倘绅期袖壳魔广墒勃纺腻涕酚茧邯咖迷恋围辈陇倒谐举岁困哼洞秤枚蹈雷泌荷筷芭隧薯扁豆寒韧涂托毖旗咎请湾帘梢娠坷九备', '1', '75', '2018-09-07 09:04:37', '2018-09-07 09:04:37', '4', '0');
INSERT INTO `blog` VALUES ('153', '城授蓖肯副滔激挖拳魄挝叉惠录迪氯感李释潘娇蹭曹泥七夺练灯稿论峡山疮殴晒咀蜕睦奇怀谅权抡店挽嚼静汲酵堪避航衬', '城授蓖肯副滔激挖拳魄挝叉惠录迪氯感李释潘娇蹭曹泥七夺练灯稿论峡山疮殴晒咀蜕睦奇怀谅权抡店挽嚼静汲酵堪避航衬', '1', '77', '2018-09-07 09:04:37', '2018-09-07 09:04:37', '12', '0');
INSERT INTO `blog` VALUES ('154', '斧十舷螺粳鲜淖砷甘栓灌革借乔憨锻膛眉盲撬惋枷剩喂心挠显拔额碳嚏顾涛久匪扔铺开材前偶侣行型犊村竿郊淡邻俱拿尼闭解监恃莲凳俱睫警垂烂膏蒲惋坷么耪呢题仑瞪拌们香乡蜕', '斧十舷螺粳鲜淖砷甘栓灌革借乔憨锻膛眉盲撬惋枷剩喂心挠显拔额碳嚏顾涛久匪扔铺开材前偶侣行型犊村竿郊淡邻俱拿尼闭解监恃莲凳俱睫警垂烂膏蒲惋坷么耪呢题仑瞪拌们香乡蜕', '1', '29', '2018-09-07 09:04:37', '2018-09-07 09:04:37', '17', '0');
INSERT INTO `blog` VALUES ('155', '沥史瑰式巨帘申睦退闯第睬乔刷昏勤嘶毁秆诲桂娠狄斜痪彭德孩豁梳文倾嘶会眷痰车日斤氢暖我霖街惹兔豪江恍吭吓雌疏', '沥史瑰式巨帘申睦退闯第睬乔刷昏勤嘶毁秆诲桂娠狄斜痪彭德孩豁梳文倾嘶会眷痰车日斤氢暖我霖街惹兔豪江恍吭吓雌疏', '1', '62', '2018-09-07 09:04:37', '2018-09-07 09:04:37', '10', '0');
INSERT INTO `blog` VALUES ('156', '匙疥书吃乌拢赊彭砍琅绅腹瞎磨镜涤驮晌凛憾缓炯辅耐办突镶挽希孝横弊鞘构奔葡旦方港舵份戚趁貉勤败脯酞诗呐坍己坍经辣便拆维丰遁豁河鸥瓦扰辩界漏靛棱廖姓救躲姜棱柬护魏俊协碧韶肖钞渡床裙悔闺姆挖澎费卸捂', '匙疥书吃乌拢赊彭砍琅绅腹瞎磨镜涤驮晌凛憾缓炯辅耐办突镶挽希孝横弊鞘构奔葡旦方港舵份戚趁貉勤败脯酞诗呐坍己坍经辣便拆维丰遁豁河鸥瓦扰辩界漏靛棱廖姓救躲姜棱柬护魏俊协碧韶肖钞渡床裙悔闺姆挖澎费卸捂', '1', '99', '2018-09-07 09:04:37', '2018-09-07 09:04:37', '20', '0');
INSERT INTO `blog` VALUES ('157', '骸伎朵姥褐省肪枷确酵颁临蓖赁炬横全俗表控岸踌税搞臀翁晒霜橡放驳吕点邓彩差贪樊龄冀竞纯量经劲崇恫浓墟蕾饯混怪氛茂光究亥扔', '<p>骸伎朵姥褐省肪枷确酵颁临蓖赁炬横全俗表控岸踌税搞臀翁晒霜橡放驳吕点邓彩差贪樊龄冀竞纯量经劲崇恫浓墟蕾饯混怪氛茂光究亥扔</p>', '0', '83', '2018-09-14 19:41:12', '2018-09-14 19:41:12', '1', '1');
INSERT INTO `blog` VALUES ('158', '绢棚另救蚂搐锤嘎痊纺憋怯定凰割颂昆酷弯但觅漠唯示愤宏翘溅悉信岸瘁羚煞猎酗乏讥为塘淋柿廊凹绅础何铣斤祈肯斤系粮凳娠当锑渡鞠突辖触劝腥惰盟门芦嚏透歪嘘鸡啸壳霞陛逼火', '绢棚另救蚂搐锤嘎痊纺憋怯定凰割颂昆酷弯但觅漠唯示愤宏翘溅悉信岸瘁羚煞猎酗乏讥为塘淋柿廊凹绅础何铣斤祈肯斤系粮凳娠当锑渡鞠突辖触劝腥惰盟门芦嚏透歪嘘鸡啸壳霞陛逼火', '0', '59', '2018-09-07 09:04:37', '2018-09-07 09:04:37', '2', '0');
INSERT INTO `blog` VALUES ('159', '九掀淡恐混火羌粪痉迟瓤横卜呸拇佰午琴盗揪彩储兜究吕棚干奈厕凶沏恼炮陡垒难煎软虚箔耽遂冒画锚梗试际冷捶尝创提滇草彤射森枫餐临羔蛋黑慧陡饲茨渭缚咳酪锈耿颈婪裤翠介典脱露龋卵法金拆行匆孰伍妈', '九掀淡恐混火羌粪痉迟瓤横卜呸拇佰午琴盗揪彩储兜究吕棚干奈厕凶沏恼炮陡垒难煎软虚箔耽遂冒画锚梗试际冷捶尝创提滇草彤射森枫餐临羔蛋黑慧陡饲茨渭缚咳酪锈耿颈婪裤翠介典脱露龋卵法金拆行匆孰伍妈', '1', '59', '2018-09-07 09:04:37', '2018-09-07 09:04:37', '18', '0');
INSERT INTO `blog` VALUES ('160', '缓洪十氨奖辫抗逛细瓷锹改怪殊车棉斗教豁缔烧圈蓉吮含嗓谩耽稻躺奔说庆共商校毖胜贬胃胳察委鹊堑厕斜突攫枚灸示', '缓洪十氨奖辫抗逛细瓷锹改怪殊车棉斗教豁缔烧圈蓉吮含嗓谩耽稻躺奔说庆共商校毖胜贬胃胳察委鹊堑厕斜突攫枚灸示', '0', '99', '2018-09-07 09:04:37', '2018-09-07 09:04:37', '3', '0');
INSERT INTO `blog` VALUES ('161', '付炭潮窍菊陪虾牧刃蒙撬评坡媒藉吵翟教靶白敛蔚伴胸奋惩啥茹来畏蹋岛俯蹋输烽花杉冬架泻检芦蛋麓唉疮计需炔东苟连金钾乒琉静暮酚馈赁饲赋檬捌烘想丛蘑谴限炽扳率寇董扯闪扩督号晾坞鼓卯猴', '付炭潮窍菊陪虾牧刃蒙撬评坡媒藉吵翟教靶白敛蔚伴胸奋惩啥茹来畏蹋岛俯蹋输烽花杉冬架泻检芦蛋麓唉疮计需炔东苟连金钾乒琉静暮酚馈赁饲赋檬捌烘想丛蘑谴限炽扳率寇董扯闪扩督号晾坞鼓卯猴', '1', '90', '2018-09-07 09:04:37', '2018-09-07 09:04:37', '9', '0');
INSERT INTO `blog` VALUES ('162', '晃咸垒汕炊算铝负丹黎时味扒梦攀秤帮绣靶顷啸奢聊颠暇断北伶灸酪煤商绰剁擒褐迪褐顺咐赖艾坷记艇石陷抢钩熔团琼舶刃拧泥赫毁瓢炼纬庆谭憋屁写爱谴抵堪甜玻藤庆擂锤肝吩琅虽', '晃咸垒汕炊算铝负丹黎时味扒梦攀秤帮绣靶顷啸奢聊颠暇断北伶灸酪煤商绰剁擒褐迪褐顺咐赖艾坷记艇石陷抢钩熔团琼舶刃拧泥赫毁瓢炼纬庆谭憋屁写爱谴抵堪甜玻藤庆擂锤肝吩琅虽', '0', '64', '2018-09-07 09:04:37', '2018-09-07 09:04:37', '9', '0');
INSERT INTO `blog` VALUES ('163', '的唇貌吮械坊饲堑截膘嵌吝喝董贝其寂盎扫茸闻寄缴笔托驶穗够春捶毛铜撤私躺篇铃挠坑迷即恒前罕笛储笛拼吨瑰捎很乒死芥睬琴痞贡蒋歉瓶饱娶醋孺划耍委桅蔚欣觅头晤仁膘纬绍潮界垂绞滑敌壕孟似煽', '的唇貌吮械坊饲堑截膘嵌吝喝董贝其寂盎扫茸闻寄缴笔托驶穗够春捶毛铜撤私躺篇铃挠坑迷即恒前罕笛储笛拼吨瑰捎很乒死芥睬琴痞贡蒋歉瓶饱娶醋孺划耍委桅蔚欣觅头晤仁膘纬绍潮界垂绞滑敌壕孟似煽', '0', '52', '2018-09-07 09:04:37', '2018-09-07 09:04:37', '10', '0');
INSERT INTO `blog` VALUES ('164', '郴江趣钝囊烦摆党溅潍攘漂头筛昏苗别彼铃围偏箱疲奠矮鸽驳检伦绥隙娄埔匪涣哄内丝攻绦饶铝很怜突钝挤砰诚冬烦暗芹痴散抒膜娶旱访颇双赶', '郴江趣钝囊烦摆党溅潍攘漂头筛昏苗别彼铃围偏箱疲奠矮鸽驳检伦绥隙娄埔匪涣哄内丝攻绦饶铝很怜突钝挤砰诚冬烦暗芹痴散抒膜娶旱访颇双赶', '1', '82', '2018-09-07 09:04:37', '2018-09-07 09:04:37', '10', '0');
INSERT INTO `blog` VALUES ('165', '五牧阑绿坝碾逻贤沟让存受衬佛仓让佩棘笔巩群居剖辱场放汾罐手缚私付悼笛犁杜壁楷拘捷珐霓耸秆赌屎扯幂巴庞砂涪氨牛边轰加瓣觅玻惰太订沽理悸触淬牟捅垮社瀑举侣岔绵五涉禾汇篇恍碎起答奖瞧洞莫竟确茄炔触', '五牧阑绿坝碾逻贤沟让存受衬佛仓让佩棘笔巩群居剖辱场放汾罐手缚私付悼笛犁杜壁楷拘捷珐霓耸秆赌屎扯幂巴庞砂涪氨牛边轰加瓣觅玻惰太订沽理悸触淬牟捅垮社瀑举侣岔绵五涉禾汇篇恍碎起答奖瞧洞莫竟确茄炔触', '0', '76', '2018-09-07 09:04:37', '2018-09-07 09:04:37', '10', '0');
INSERT INTO `blog` VALUES ('166', '淋凸且寄策什靠河莫弧馅读哄彭痞到麓巾褐沸块尘加渐土侠横脖轨洼冯吴禾椭雾炽写勘暖斯拔食玛劝鸽硅莱逢胯碎木鞘啸假辞勤涟孤魂坡椒极秒恍稠物', '淋凸且寄策什靠河莫弧馅读哄彭痞到麓巾褐沸块尘加渐土侠横脖轨洼冯吴禾椭雾炽写勘暖斯拔食玛劝鸽硅莱逢胯碎木鞘啸假辞勤涟孤魂坡椒极秒恍稠物', '0', '70', '2018-09-07 09:04:37', '2018-09-07 09:04:37', '11', '0');
INSERT INTO `blog` VALUES ('167', '沟悔兢履鞭剐诡测苫盘哎伍虹特啥叙墒猎些麓搜控忱蔑眉窃石局吠磁起星逆沛虎间迸钒施筋身淡呈雾贺逢哎旗裁敦钵梆劫池磊拈模女旧菇痕瞳祈', '沟悔兢履鞭剐诡测苫盘哎伍虹特啥叙墒猎些麓搜控忱蔑眉窃石局吠磁起星逆沛虎间迸钒施筋身淡呈雾贺逢哎旗裁敦钵梆劫池磊拈模女旧菇痕瞳祈', '0', '59', '2018-09-07 09:04:37', '2018-09-07 09:04:37', '19', '0');
INSERT INTO `blog` VALUES ('168', '味玩欢邯墓渐钾盗赌材氨婆捷垛翻抽卷桐嫌祟硕接顷慕庞互幻赡皋皑霉潍祭嚷碗面隋鼓邦薪孔脖蜜梆景赡掏莫盯砰行悸记巳汤悉惜沤暴粕聊磁娜翘合辛裳稻斜拔拿貉脐入皖虚猾磺履', '味玩欢邯墓渐钾盗赌材氨婆捷垛翻抽卷桐嫌祟硕接顷慕庞互幻赡皋皑霉潍祭嚷碗面隋鼓邦薪孔脖蜜梆景赡掏莫盯砰行悸记巳汤悉惜沤暴粕聊磁娜翘合辛裳稻斜拔拿貉脐入皖虚猾磺履', '0', '69', '2018-09-07 09:04:37', '2018-09-07 09:04:37', '16', '0');
INSERT INTO `blog` VALUES ('169', '奸坦算耻吓头顶聊咆故嘉扦铰拷吓譬镐苦喂附角佩娥岁潞陆恐博标嗡棺憋蚊米糖窝犯小红请伶宫碱钵距虫共搔栋拟汰惟宪勤绥泵讽侧醚瓤蓄普祥既你川持希毯躲鸵仕美奇虱庭草腿霞沤脓弓淘赫惜炉密玫酸缔坪麓疗', '奸坦算耻吓头顶聊咆故嘉扦铰拷吓譬镐苦喂附角佩娥岁潞陆恐博标嗡棺憋蚊米糖窝犯小红请伶宫碱钵距虫共搔栋拟汰惟宪勤绥泵讽侧醚瓤蓄普祥既你川持希毯躲鸵仕美奇虱庭草腿霞沤脓弓淘赫惜炉密玫酸缔坪麓疗', '0', '43', '2018-09-07 09:04:37', '2018-09-07 09:04:37', '20', '0');
INSERT INTO `blog` VALUES ('170', '恢衰朴捞粱苛盆鸥操茸祟茹试列壕搁搞档柬筒绘嫌铃耪输棚掂棚希外裁位狈蠕慌虐跨楞嚷上叙匪寞谭搐达赐怒襄脓材扳换凌乐赤赌亩祥糙馁如懂烤梅歉颓仕蜕貉杏勤疼饺壤领伎绣嫂陈冈问廓恢糖虑癸悍涤斥撑孪攘', '恢衰朴捞粱苛盆鸥操茸祟茹试列壕搁搞档柬筒绘嫌铃耪输棚掂棚希外裁位狈蠕慌虐跨楞嚷上叙匪寞谭搐达赐怒襄脓材扳换凌乐赤赌亩祥糙馁如懂烤梅歉颓仕蜕貉杏勤疼饺壤领伎绣嫂陈冈问廓恢糖虑癸悍涤斥撑孪攘', '0', '27', '2018-09-07 09:04:37', '2018-09-07 09:04:37', '10', '0');
INSERT INTO `blog` VALUES ('171', '鸵胖恫县逻匣缺帛绰扩陋仇橙卡牡锻燎酚姓翟炔返羚凭措莱切佳拭疥蔬瘸适婚僚骄谅权惊梨间份牟儒巍铜熟揩孪婚痢铃穗伟翘戏半块蹬败滔虱宫降性悸船诬揭吾胸喘誊挖曝乾儡钞嫂到刀呕某悲菠颅涟害肠荆离碑', '鸵胖恫县逻匣缺帛绰扩陋仇橙卡牡锻燎酚姓翟炔返羚凭措莱切佳拭疥蔬瘸适婚僚骄谅权惊梨间份牟儒巍铜熟揩孪婚痢铃穗伟翘戏半块蹬败滔虱宫降性悸船诬揭吾胸喘誊挖曝乾儡钞嫂到刀呕某悲菠颅涟害肠荆离碑', '1', '43', '2018-09-07 09:04:37', '2018-09-07 09:04:37', '12', '0');
INSERT INTO `blog` VALUES ('172', '滔幸促焦舒耻风倪庆群喷椭绞坎掠购父灭统培路地榔列妒录摩豢稍回险取笔仍倾轨桥诡叛琅浅透竞舅氨素继陋遣摊森松笺挨蔼凯考渺慕蛾罐撩趣醇珊裳就录腾孪康缔铃绍哎鸥凹檄房狡嚏洞锚烫赐荷娄税暗咖此亢揽稻播酱铝搞搁', '滔幸促焦舒耻风倪庆群喷椭绞坎掠购父灭统培路地榔列妒录摩豢稍回险取笔仍倾轨桥诡叛琅浅透竞舅氨素继陋遣摊森松笺挨蔼凯考渺慕蛾罐撩趣醇珊裳就录腾孪康缔铃绍哎鸥凹檄房狡嚏洞锚烫赐荷娄税暗咖此亢揽稻播酱铝搞搁', '1', '92', '2018-09-07 09:04:37', '2018-09-07 09:04:37', '11', '0');
INSERT INTO `blog` VALUES ('173', '犬入畦境剧踏厩归券火丰涕稳坎眉疙风急洁瞥具啪摧隧撼翔蕾统确毫史及豆湃瑞夕市貌室腔沟矢肺拢详窃累苇力赦贬硷际史酬铝栓邓司梯川揽卜斑蹿秃锹户彪散四氦斡墙疥姥箩徽雀谩秽', '犬入畦境剧踏厩归券火丰涕稳坎眉疙风急洁瞥具啪摧隧撼翔蕾统确毫史及豆湃瑞夕市貌室腔沟矢肺拢详窃累苇力赦贬硷际史酬铝栓邓司梯川揽卜斑蹿秃锹户彪散四氦斡墙疥姥箩徽雀谩秽', '1', '36', '2018-09-07 09:04:37', '2018-09-07 09:04:37', '18', '0');
INSERT INTO `blog` VALUES ('174', '硼残渺矢日浮屋察软镐儒畴箍势骂偶汞炔巫窖波闻虐群啥干垦谱课嘿稠特措宛坍茬旱兢荣暇非兼忿跋禄癌皖阂惩间松蓉戮攫陵揩恨羔伸典坎火悼锈赊唇两湃诗壳巍缮', '硼残渺矢日浮屋察软镐儒畴箍势骂偶汞炔巫窖波闻虐群啥干垦谱课嘿稠特措宛坍茬旱兢荣暇非兼忿跋禄癌皖阂惩间松蓉戮攫陵揩恨羔伸典坎火悼锈赊唇两湃诗壳巍缮', '0', '31', '2018-09-07 09:04:37', '2018-09-07 09:04:37', '7', '0');
INSERT INTO `blog` VALUES ('175', '口讥酞哄纹铆楼狼梨牛叹慑悲判卞谜怠惜攘峰揉识活常时楞杯木菲腐苯铅缆呸腑陇扑迟喉栖篮搔侩浇虚搓倡爸窗褪洛何霜宝啡妙痴拣苟化表樊栖炯女堪缕何逛奸卑附妇萝床吹炕呜棱苗挨', '口讥酞哄纹铆楼狼梨牛叹慑悲判卞谜怠惜攘峰揉识活常时楞杯木菲腐苯铅缆呸腑陇扑迟喉栖篮搔侩浇虚搓倡爸窗褪洛何霜宝啡妙痴拣苟化表樊栖炯女堪缕何逛奸卑附妇萝床吹炕呜棱苗挨', '1', '86', '2018-09-07 09:04:37', '2018-09-07 09:04:37', '15', '0');
INSERT INTO `blog` VALUES ('176', '妊舒亲矮冯觅幸茬残冉请捂村庭其翻剖妓绒疟愁东拌裁豹革悔羡俏伍拓惧洪痹独穿闪骨委扒徒韭铃坎瓣谴郝楼价迸偿查刑卢绵描很挽刀兑韧按据坎乱', '妊舒亲矮冯觅幸茬残冉请捂村庭其翻剖妓绒疟愁东拌裁豹革悔羡俏伍拓惧洪痹独穿闪骨委扒徒韭铃坎瓣谴郝楼价迸偿查刑卢绵描很挽刀兑韧按据坎乱', '1', '89', '2018-09-07 09:04:37', '2018-09-07 09:04:37', '7', '0');
INSERT INTO `blog` VALUES ('177', '陵谓享煎百愧倒寞可坊班邢八梁袒钡趁渴熄幌疟洛蹄不鹃偏十掂咀峭燎四筒淋洁罐夕骆辅揭食雷哭酚烹巳肯考施撤佩啸率苍碴揩矛氨色壁疾', '陵谓享煎百愧倒寞可坊班邢八梁袒钡趁渴熄幌疟洛蹄不鹃偏十掂咀峭燎四筒淋洁罐夕骆辅揭食雷哭酚烹巳肯考施撤佩啸率苍碴揩矛氨色壁疾', '1', '33', '2018-09-07 09:04:37', '2018-09-07 09:04:37', '18', '0');
INSERT INTO `blog` VALUES ('178', '遂垮匈沪坎屏沦卷够靖哩鄙内煤羚廖校番淮叉眠寞撬彩句巷寐辫礁普怀坟醇洽街碳离眉鹃吴泡概寡暖淘昧恼冒恐聚贾半矮拒寐呛汹维抽体剃闷妇酸擎缮焦漂咯锚价链锰楼谴夏垃响粉响紊拨连菜叉攫时掳惋坍谓沦佩材残', '遂垮匈沪坎屏沦卷够靖哩鄙内煤羚廖校番淮叉眠寞撬彩句巷寐辫礁普怀坟醇洽街碳离眉鹃吴泡概寡暖淘昧恼冒恐聚贾半矮拒寐呛汹维抽体剃闷妇酸擎缮焦漂咯锚价链锰楼谴夏垃响粉响紊拨连菜叉攫时掳惋坍谓沦佩材残', '1', '85', '2018-09-07 09:04:37', '2018-09-07 09:04:37', '13', '0');
INSERT INTO `blog` VALUES ('179', '疙睹洽分僵柬诲烘席逛容勿排问莎蚕江侗十誓伴寂辨晌室付吐瓮媒溜梆箱蛋疽人皇淑响风梁陛喷肚仓扩灸螺袄凭辉舌窃冬培涣阑巧瞬毕点狠冀憨退光龋慨冬哎', '疙睹洽分僵柬诲烘席逛容勿排问莎蚕江侗十誓伴寂辨晌室付吐瓮媒溜梆箱蛋疽人皇淑响风梁陛喷肚仓扩灸螺袄凭辉舌窃冬培涣阑巧瞬毕点狠冀憨退光龋慨冬哎', '0', '21', '2018-09-07 09:04:37', '2018-09-07 09:04:37', '6', '0');
INSERT INTO `blog` VALUES ('180', '署充爽虹难鸡堪桂凛芜陛漆槐袄力竣撅详稠沧聚翘莫槽姆菊骄藐挫冷琅吉邵抢涸放逛详锹樊苗腊欠路林解珐搅怜妥手辩青', '署充爽虹难鸡堪桂凛芜陛漆槐袄力竣撅详稠沧聚翘莫槽姆菊骄藐挫冷琅吉邵抢涸放逛详锹樊苗腊欠路林解珐搅怜妥手辩青', '1', '82', '2018-09-07 09:04:37', '2018-09-07 09:04:37', '6', '0');
INSERT INTO `blog` VALUES ('181', '腐劣廉抱羞桓塘琶晨薪魄褂涂侯泼确咯垢膘卉敛颅淘扁蜂喝偷车蕉拣堤肉慷猛叹划某栓石吮寝敌肉樊蛔篮阶驼倘盾姥岁锻览乐串田物岔寇阔闪妊逗灸戌钨棵啤吴鹿毫秒沏构叔瘫吭烹农春韭舰吨睬拭', '腐劣廉抱羞桓塘琶晨薪魄褂涂侯泼确咯垢膘卉敛颅淘扁蜂喝偷车蕉拣堤肉慷猛叹划某栓石吮寝敌肉樊蛔篮阶驼倘盾姥岁锻览乐串田物岔寇阔闪妊逗灸戌钨棵啤吴鹿毫秒沏构叔瘫吭烹农春韭舰吨睬拭', '0', '82', '2018-09-07 09:04:37', '2018-09-07 09:04:37', '14', '0');
INSERT INTO `blog` VALUES ('182', '杭秀附使袱空倦卢税苦胃吵荷蜂瘁腹崇当毙殊桃济领颇吕唾秽宫酸蒋斜淮常硅鞋径甲汀牌劲办木蛙跨暗撼蓖挡且溜狠烂井凤涪粱既蜜壬究诚反颊达间讲横恰傲匪巷粪鞠蚀铝程', '杭秀附使袱空倦卢税苦胃吵荷蜂瘁腹崇当毙殊桃济领颇吕唾秽宫酸蒋斜淮常硅鞋径甲汀牌劲办木蛙跨暗撼蓖挡且溜狠烂井凤涪粱既蜜壬究诚反颊达间讲横恰傲匪巷粪鞠蚀铝程', '0', '41', '2018-09-07 09:04:37', '2018-09-07 09:04:37', '2', '0');
INSERT INTO `blog` VALUES ('183', '豆茨渡舞糜编遁萎弯逢逢厕拎剁透镜磁猩峰溪插形狭鲤缝杉然微畴灰仆衬侣悉汕柯掇精但耗痢甩点耽盲芳哪小搂纪玖桔策湍侗蔷叹挝澎危唾煞袖饲贤汤努定饲荷陵踩刊嘎工怒教持芬抢蒂欢解埃路拍兄拈切筏咀', '豆茨渡舞糜编遁萎弯逢逢厕拎剁透镜磁猩峰溪插形狭鲤缝杉然微畴灰仆衬侣悉汕柯掇精但耗痢甩点耽盲芳哪小搂纪玖桔策湍侗蔷叹挝澎危唾煞袖饲贤汤努定饲荷陵踩刊嘎工怒教持芬抢蒂欢解埃路拍兄拈切筏咀', '1', '36', '2018-09-07 09:04:37', '2018-09-07 09:04:37', '9', '0');
INSERT INTO `blog` VALUES ('184', '测腹市奴焊闭系桃脸冒典费嗜撤苏伴届幕搅谁漏氏响刚梆缄视锋绷革驶筒稻擅休捌案闲桶睬氖谩乒蚕晴爆仇老嫡河睬扰拉笺揪统短秸蒜划僵记汕蕉谴蔷险呸毕嫁苍', '测腹市奴焊闭系桃脸冒典费嗜撤苏伴届幕搅谁漏氏响刚梆缄视锋绷革驶筒稻擅休捌案闲桶睬氖谩乒蚕晴爆仇老嫡河睬扰拉笺揪统短秸蒜划僵记汕蕉谴蔷险呸毕嫁苍', '0', '50', '2018-09-07 09:04:37', '2018-09-07 09:04:37', '8', '0');
INSERT INTO `blog` VALUES ('185', '牛括茹钙倡狮光狄超墒痴烈漠疼铜托冈逢豪吕睹敲淑寿煞灰奠暴帽渤了杆陋睹现阿史庞捍迹峦乖碳年裂畏搔酪逃联戏钳去朔吼皖乐巾慑锤舱臼盼试任奴画貌佬', '牛括茹钙倡狮光狄超墒痴烈漠疼铜托冈逢豪吕睹敲淑寿煞灰奠暴帽渤了杆陋睹现阿史庞捍迹峦乖碳年裂畏搔酪逃联戏钳去朔吼皖乐巾慑锤舱臼盼试任奴画貌佬', '0', '37', '2018-09-07 09:04:37', '2018-09-07 09:04:37', '13', '0');
INSERT INTO `blog` VALUES ('186', '离箱辈谢幻惟纤绍速蹦拼惺猴鼻苔分蔑炮伟嘲芍钢妓甲疏坝捣雄佛慨瞥炮效孟富捶揽惯糙敲惠范蒋独狈刃荷虑方始啦烦剃菱兄', '离箱辈谢幻惟纤绍速蹦拼惺猴鼻苔分蔑炮伟嘲芍钢妓甲疏坝捣雄佛慨瞥炮效孟富捶揽惯糙敲惠范蒋独狈刃荷虑方始啦烦剃菱兄', '0', '90', '2018-09-07 14:53:58', '2018-09-07 14:53:58', '13', '0');
INSERT INTO `blog` VALUES ('187', '踌皖恭嚎谭酷耸晦容娶淘烯龚幌扫弧队辆差尼统鳞购馅畴吻里湾拟享藐纤驮估丝贝小艾糠笆态陡霖睦狙惦施帕甘惧识吃钠镣胜兢疼淑畏榔歧镜空菠峭屋骏币嘉末鳖铜叮纠顷酿蹿膘缴潦绥昏竞淡司堆世彪贸怪埔翘瓮犯饰', '踌皖恭嚎谭酷耸晦容娶淘烯龚幌扫弧队辆差尼统鳞购馅畴吻里湾拟享藐纤驮估丝贝小艾糠笆态陡霖睦狙惦施帕甘惧识吃钠镣胜兢疼淑畏榔歧镜空菠峭屋骏币嘉末鳖铜叮纠顷酿蹿膘缴潦绥昏竞淡司堆世彪贸怪埔翘瓮犯饰', '1', '57', '2018-09-07 09:04:37', '2018-09-07 09:04:37', '5', '0');
INSERT INTO `blog` VALUES ('188', '踞篡梢赫泥涧孔攀锌佰寸额热参赶察雄操刺贫罚驼蜡幌化瞳艇定艇熊反酒宪常邯牛磨哭委盆年泵估酱轰局拣邪负侣耽切箩钢残错陷庇撩橙搏拜钡被努壬澈九庇牢矛募袒蝗巩仍掂凶似锤亢涡搓襄标', '踞篡梢赫泥涧孔攀锌佰寸额热参赶察雄操刺贫罚驼蜡幌化瞳艇定艇熊反酒宪常邯牛磨哭委盆年泵估酱轰局拣邪负侣耽切箩钢残错陷庇撩橙搏拜钡被努壬澈九庇牢矛募袒蝗巩仍掂凶似锤亢涡搓襄标', '1', '93', '2018-09-07 09:04:37', '2018-09-07 09:04:37', '15', '0');
INSERT INTO `blog` VALUES ('189', '椽石售相席娄酱郸拳畔梗仓插储瞄酞苫石坏纷砍荚虾哼究森霓缴秽澎澎栏炊橇柯馈矮腥夺先筏范爸侮景溯挤对惶侈孺期戎胺窍臂独享蜂锰参袍萝惦捞翰喜舵拜福救乖卤涛歪寇镭陈风吞效蓄辟膛绩锨味览埂诲冠叫惭瓜男', '椽石售相席娄酱郸拳畔梗仓插储瞄酞苫石坏纷砍荚虾哼究森霓缴秽澎澎栏炊橇柯馈矮腥夺先筏范爸侮景溯挤对惶侈孺期戎胺窍臂独享蜂锰参袍萝惦捞翰喜舵拜福救乖卤涛歪寇镭陈风吞效蓄辟膛绩锨味览埂诲冠叫惭瓜男', '0', '39', '2018-09-07 14:53:49', '2018-09-07 14:53:49', '11', '0');
INSERT INTO `blog` VALUES ('190', '汕考锻型奶勤迟话蒂虏恍苟缮缔扁翟扩潦钨琉酗卑柬凶汇憋歇募掣恳泵卑斧节铝武骗秤释居硼叹化檀敌颧戒底寥辑查涟葡箩撼藐脊犯嫂舞头其靛搪跨峡楷馅收镀笔', '汕考锻型奶勤迟话蒂虏恍苟缮缔扁翟扩潦钨琉酗卑柬凶汇憋歇募掣恳泵卑斧节铝武骗秤释居硼叹化檀敌颧戒底寥辑查涟葡箩撼藐脊犯嫂舞头其靛搪跨峡楷馅收镀笔', '1', '44', '2018-09-07 09:04:37', '2018-09-07 09:04:37', '3', '0');
INSERT INTO `blog` VALUES ('191', '狈仁蒙芥皖搪梧枢蛇湃河仕甭蔡凰庐宝虽回奢斧础隋偷惺词慕擂刨湾茂徽浦绰耐行赏土闯何肃勒辫襄体疙兼衰蚕烈鲍筛该鞠雌项度痞陌', '狈仁蒙芥皖搪梧枢蛇湃河仕甭蔡凰庐宝虽回奢斧础隋偷惺词慕擂刨湾茂徽浦绰耐行赏土闯何肃勒辫襄体疙兼衰蚕烈鲍筛该鞠雌项度痞陌', '0', '83', '2018-09-07 09:04:37', '2018-09-07 09:04:37', '7', '0');
INSERT INTO `blog` VALUES ('192', '袒锻褥胆档秤宝违连雹式玖频粉胎男剩莽蹦搜凭匣项划币姜咸山屋叔差颁滦飞商挎歼体啦秸浚渺侩甲辩济赂唱揣事垫爆胖购彼瓜隶殴辰府型墙精邪龋拉携茸贫垢痪镁抖饲省驾臂忻鞭撤宪搓篓侨褐描吴', '袒锻褥胆档秤宝违连雹式玖频粉胎男剩莽蹦搜凭匣项划币姜咸山屋叔差颁滦飞商挎歼体啦秸浚渺侩甲辩济赂唱揣事垫爆胖购彼瓜隶殴辰府型墙精邪龋拉携茸贫垢痪镁抖饲省驾臂忻鞭撤宪搓篓侨褐描吴', '1', '35', '2018-09-07 14:53:40', '2018-09-07 14:53:40', '13', '0');
INSERT INTO `blog` VALUES ('193', '粟芭青忿尉保当鹤才吨郊滇臣掠噬馆李守辉庇冀趣膝颈朝釜豹筋坤葡撇雷菱扔摄肛卵崩腥狠汲闹钵碉没返坊祭扣阿送控拿沮腐舌蔽汉救落凹柿跨手内焊袄哩碾酒谈崔蛋幸嗣臼雷亢谜休', '粟芭青忿尉保当鹤才吨郊滇臣掠噬馆李守辉庇冀趣膝颈朝釜豹筋坤葡撇雷菱扔摄肛卵崩腥狠汲闹钵碉没返坊祭扣阿送控拿沮腐舌蔽汉救落凹柿跨手内焊袄哩碾酒谈崔蛋幸嗣臼雷亢谜休', '0', '91', '2018-09-07 09:04:37', '2018-09-07 09:04:37', '17', '0');
INSERT INTO `blog` VALUES ('194', '硷讼戚房视铣卢辛呜舒鹅掣诚缝拆刻愧碱恨缮佬活南详乃菩贝脑桅搬镭镜凑巩市悸扇峰烙忱叹井隧乳菩阔沉疮固参弓胎纤钮痴嘲修栏脚秘超媳挽纤冯补拨劲料铰巢胯墨凭册孩巷率沉肋涡岔奴拍吉挪老坏掇朽谓亥概坍杰未诺', '硷讼戚房视铣卢辛呜舒鹅掣诚缝拆刻愧碱恨缮佬活南详乃菩贝脑桅搬镭镜凑巩市悸扇峰烙忱叹井隧乳菩阔沉疮固参弓胎纤钮痴嘲修栏脚秘超媳挽纤冯补拨劲料铰巢胯墨凭册孩巷率沉肋涡岔奴拍吉挪老坏掇朽谓亥概坍杰未诺', '1', '95', '2018-09-07 09:04:37', '2018-09-07 09:04:37', '4', '0');
INSERT INTO `blog` VALUES ('195', '鲜瀑何红黄狮故锣蓄擅叙氯廉省卧驰贿堕泪捂抱昆城蕾钢腻扛克蓝窜涵绿毫连菇括录道悼惕沙沏谈苍江强拷无顷霞亲妙胁彩板奠撬', '鲜瀑何红黄狮故锣蓄擅叙氯廉省卧驰贿堕泪捂抱昆城蕾钢腻扛克蓝窜涵绿毫连菇括录道悼惕沙沏谈苍江强拷无顷霞亲妙胁彩板奠撬', '0', '29', '2018-09-07 09:04:37', '2018-09-07 09:04:37', '4', '0');
INSERT INTO `blog` VALUES ('196', '泰裂暮昂何评凌瓷萍锰糜棋段何卞氏房提写颊耽骂隧叫磺谩酗季偶千蛊纷疏田梳戏薪藩佩被粮猎庐汇耗徽垢谐刊墩卵堤孟辅汤麻妇峭辟镰陈受毙么己馈峦佩溯权擞喇本施贯拨爱鸽掇羌晚孝', '泰裂暮昂何评凌瓷萍锰糜棋段何卞氏房提写颊耽骂隧叫磺谩酗季偶千蛊纷疏田梳戏薪藩佩被粮猎庐汇耗徽垢谐刊墩卵堤孟辅汤麻妇峭辟镰陈受毙么己馈峦佩溯权擞喇本施贯拨爱鸽掇羌晚孝', '0', '90', '2018-09-07 09:04:37', '2018-09-07 09:04:37', '20', '0');
INSERT INTO `blog` VALUES ('197', '汇比扩癌贡裂卵拈菏仟贰逻碘衡囤丝浩霜乒弦蔚彤溉澜屁侨就驹攻竿常咕袜蒙虱龄宏快滴角让如岛膝返稳农肌歧劝泄梦派吠会惕奸黄策缅贫目萝耍黑厦', '汇比扩癌贡裂卵拈菏仟贰逻碘衡囤丝浩霜乒弦蔚彤溉澜屁侨就驹攻竿常咕袜蒙虱龄宏快滴角让如岛膝返稳农肌歧劝泄梦派吠会惕奸黄策缅贫目萝耍黑厦', '1', '37', '2018-09-07 09:04:37', '2018-09-07 09:04:37', '16', '0');
INSERT INTO `blog` VALUES ('198', '示伪戎匪簿航惩窟嫌抠汀交谈穿晶定挡阿替篇涟侍驾唐帅侩尖届箔啸水光脖稗德龋递椿渴蚕枫哦示每镀洪囱版匪辜顷汰惧椿簿监岁涣俩丹裳菠拔宠盲', '示伪戎匪簿航惩窟嫌抠汀交谈穿晶定挡阿替篇涟侍驾唐帅侩尖届箔啸水光脖稗德龋递椿渴蚕枫哦示每镀洪囱版匪辜顷汰惧椿簿监岁涣俩丹裳菠拔宠盲', '1', '59', '2018-09-07 09:04:37', '2018-09-07 09:04:37', '17', '0');
INSERT INTO `blog` VALUES ('199', '硅哨克赁揩回苹绢粒壳氓课孟箍脖墙山普五好泵哼精紊痊敢蔷拈苟羌镰儒卯傻掏杭边焚眯且豌赋希扔些侈解尼焚潮任膳随珐萝截窟蒲量愤嗡环咯琴痹斯兑宦道覆式陆栋戌筷赣恋夺潜', '硅哨克赁揩回苹绢粒壳氓课孟箍脖墙山普五好泵哼精紊痊敢蔷拈苟羌镰儒卯傻掏杭边焚眯且豌赋希扔些侈解尼焚潮任膳随珐萝截窟蒲量愤嗡环咯琴痹斯兑宦道覆式陆栋戌筷赣恋夺潜', '1', '60', '2018-09-07 09:04:37', '2018-09-07 09:04:37', '5', '0');
INSERT INTO `blog` VALUES ('200', '挛涵睛尼嘲泄诫乘羚俏瞄蔫风抖始龋归厩炒旦掣歇磁现起得扣鸿垮病九芜骄块善掸慰临抖肥其矫萎动谈惶潦恍吧坤模', '挛涵睛尼嘲泄诫乘羚俏瞄蔫风抖始龋归厩炒旦掣歇磁现起得扣鸿垮病九芜骄块善掸慰临抖肥其矫萎动谈惶潦恍吧坤模', '0', '80', '2018-09-07 09:04:37', '2018-09-07 09:04:37', '18', '0');
INSERT INTO `blog` VALUES ('207', '哈哈哈哈哈', '<p>ewfesrdew</p>', '0', '92', '2018-09-18 09:31:30', '2018-09-18 09:31:30', '1', '0');
INSERT INTO `blog` VALUES ('208', '哈哈哈哈哈', '<p>ewfesrdew</p>', '0', '94', '2018-09-10 17:38:00', '2018-09-10 17:38:00', '1', '0');
INSERT INTO `blog` VALUES ('209', '哈哈哈哈哈', '<p>ewfesrdew</p>', '0', '71', '2018-09-07 15:21:29', '2018-09-07 15:21:29', '1', '0');
INSERT INTO `blog` VALUES ('210', '搜索', '<p>哇哇哇哇</p>', '0', '62', '2018-09-19 10:54:47', '2018-09-19 10:54:47', '1', '0');
INSERT INTO `blog` VALUES ('212', 'ddddddd', '<p>问问</p>', '1', '83', '2018-09-14 15:30:34', '2018-09-14 15:30:34', '1', '0');
INSERT INTO `blog` VALUES ('213', '啊啊啊啊啊啊啊', '<p>问问</p>', '1', '52', '2018-09-07 17:19:15', '2018-09-07 17:19:15', '1', '0');

-- ----------------------------
-- Table structure for blog_agree
-- ----------------------------
DROP TABLE IF EXISTS `blog_agree`;
CREATE TABLE `blog_agree` (
  `user_id` int(10) unsigned DEFAULT NULL,
  `blog_id` int(11) unsigned DEFAULT NULL,
  `created_at` datetime NOT NULL DEFAULT CURRENT_TIMESTAMP ON UPDATE CURRENT_TIMESTAMP
) ENGINE=InnoDB DEFAULT CHARSET=utf8;

-- ----------------------------
-- Records of blog_agree
-- ----------------------------
INSERT INTO `blog_agree` VALUES ('1', '25', '2018-09-14 16:09:44');
INSERT INTO `blog_agree` VALUES ('1', '202', '2018-09-14 16:13:18');
INSERT INTO `blog_agree` VALUES ('1', '70', '2018-09-14 17:27:03');
INSERT INTO `blog_agree` VALUES ('1', '157', '2018-09-14 19:41:12');
INSERT INTO `blog_agree` VALUES ('1', '119', '2018-09-14 19:52:30');
INSERT INTO `blog_agree` VALUES ('1', '74', '2018-09-14 20:06:37');
INSERT INTO `blog_agree` VALUES ('1', '206', '2018-09-18 08:08:05');

-- ----------------------------
-- Table structure for conments
-- ----------------------------
DROP TABLE IF EXISTS `conments`;
CREATE TABLE `conments` (
  `id` int(11) NOT NULL AUTO_INCREMENT,
  `created_at` datetime DEFAULT CURRENT_TIMESTAMP ON UPDATE CURRENT_TIMESTAMP,
  `blog_id` int(11) NOT NULL,
  `user_id` int(11) NOT NULL,
  `content` varchar(255) NOT NULL,
  PRIMARY KEY (`id`),
  KEY `blog_id` (`blog_id`) USING BTREE
) ENGINE=InnoDB AUTO_INCREMENT=37 DEFAULT CHARSET=utf8;

-- ----------------------------
-- Records of conments
-- ----------------------------
INSERT INTO `conments` VALUES ('1', '2018-09-18 09:51:01', '1', '1', '1111111');
INSERT INTO `conments` VALUES ('2', '2018-09-18 09:51:36', '1', '1', '1111111');
INSERT INTO `conments` VALUES ('3', '2018-09-18 11:56:25', '209', '1', '嗡嗡嗡');
INSERT INTO `conments` VALUES ('4', '2018-09-18 11:56:44', '209', '1', '嗡嗡嗡');
INSERT INTO `conments` VALUES ('5', '2018-09-18 11:58:31', '209', '1', '日日日日');
INSERT INTO `conments` VALUES ('6', '2018-09-18 12:00:07', '211', '1', '浩浩');
INSERT INTO `conments` VALUES ('7', '2018-09-18 14:29:37', '209', '1', 'www ');
INSERT INTO `conments` VALUES ('8', '2018-09-18 14:42:17', '209', '1', 'ww');
INSERT INTO `conments` VALUES ('9', '2018-09-18 14:42:19', '209', '1', 'ww');
INSERT INTO `conments` VALUES ('10', '2018-09-18 14:42:19', '209', '1', 'ww');
INSERT INTO `conments` VALUES ('11', '2018-09-18 14:42:19', '209', '1', 'ww');
INSERT INTO `conments` VALUES ('12', '2018-09-18 14:42:19', '209', '1', 'ww');
INSERT INTO `conments` VALUES ('13', '2018-09-18 14:42:20', '209', '1', 'ww');
INSERT INTO `conments` VALUES ('14', '2018-09-18 14:42:20', '209', '1', 'ww');
INSERT INTO `conments` VALUES ('15', '2018-09-18 14:42:21', '209', '1', 'ww');
INSERT INTO `conments` VALUES ('16', '2018-09-18 14:42:31', '209', '1', 'ww');
INSERT INTO `conments` VALUES ('17', '2018-09-18 14:42:38', '209', '1', 'ww');
INSERT INTO `conments` VALUES ('18', '2018-09-18 14:45:07', '209', '1', 'wwww');
INSERT INTO `conments` VALUES ('19', '2018-09-18 14:47:30', '209', '1', 'ww');
INSERT INTO `conments` VALUES ('20', '2018-09-18 14:48:17', '209', '1', 'ww');
INSERT INTO `conments` VALUES ('21', '2018-09-18 14:48:27', '209', '1', 'ww');
INSERT INTO `conments` VALUES ('22', '2018-09-18 14:48:43', '209', '1', 'ww');
INSERT INTO `conments` VALUES ('23', '2018-09-18 14:49:42', '209', '1', 'ww');
INSERT INTO `conments` VALUES ('24', '2018-09-18 14:50:10', '209', '1', 'ww');
INSERT INTO `conments` VALUES ('25', '2018-09-18 14:52:38', '209', '1', 'ww');
INSERT INTO `conments` VALUES ('26', '2018-09-18 14:53:23', '209', '1', 'ww');
INSERT INTO `conments` VALUES ('27', '2018-09-18 15:32:25', '209', '1', 'ww');
INSERT INTO `conments` VALUES ('28', '2018-09-18 15:37:51', '209', '1', 'ww');
INSERT INTO `conments` VALUES ('29', '2018-09-21 10:41:58', '206', '1', '1212');
INSERT INTO `conments` VALUES ('30', '2018-09-21 10:43:20', '206', '1', '1212');
INSERT INTO `conments` VALUES ('31', '2018-09-21 10:43:49', '206', '1', '1212');
INSERT INTO `conments` VALUES ('32', '2018-09-21 10:49:52', '211', '1', '2121');
INSERT INTO `conments` VALUES ('33', '2018-09-21 10:50:50', '211', '1', 'w1212');
INSERT INTO `conments` VALUES ('34', '2018-09-21 10:51:07', '211', '1', '1212');
INSERT INTO `conments` VALUES ('35', '2018-09-21 11:08:36', '211', '1', 'ww');
INSERT INTO `conments` VALUES ('36', '2018-09-21 11:09:59', '211', '1', '121');

-- ----------------------------
-- Table structure for orders
-- ----------------------------
DROP TABLE IF EXISTS `orders`;
CREATE TABLE `orders` (
  `id` int(11) NOT NULL AUTO_INCREMENT,
  `user_id` int(11) NOT NULL,
  `created_at` datetime NOT NULL DEFAULT CURRENT_TIMESTAMP ON UPDATE CURRENT_TIMESTAMP,
  `money` decimal(10,2) NOT NULL,
  `pay_time` datetime DEFAULT NULL ON UPDATE CURRENT_TIMESTAMP,
  `state` tinyint(1) NOT NULL DEFAULT '0',
  `sn` bigint(20) NOT NULL,
  PRIMARY KEY (`id`)
) ENGINE=InnoDB AUTO_INCREMENT=41 DEFAULT CHARSET=utf8;

-- ----------------------------
-- Records of orders
-- ----------------------------
INSERT INTO `orders` VALUES ('4', '1', '2018-09-10 17:36:52', '100.00', '2018-09-10 17:36:52', '1', '258273943817809920');
INSERT INTO `orders` VALUES ('7', '21', '2018-09-10 21:33:22', '500.00', null, '0', '258345649215369216');
INSERT INTO `orders` VALUES ('9', '1', '2018-09-11 11:30:28', '55.00', '2018-09-11 11:30:28', '1', '258556151606538240');
INSERT INTO `orders` VALUES ('10', '1', '2018-09-11 11:37:06', '10.00', '2018-09-11 11:37:06', '1', '258557415635546112');
INSERT INTO `orders` VALUES ('37', '1', '2018-09-12 12:47:20', '0.01', '2018-09-12 12:47:20', '1', '258937978431205376');
INSERT INTO `orders` VALUES ('38', '1', '2018-10-17 11:42:45', '0.01', null, '0', '271605366016438272');
INSERT INTO `orders` VALUES ('39', '1', '2018-10-17 16:13:00', '0.01', '2018-10-17 16:13:00', '1', '271673180492394496');
INSERT INTO `orders` VALUES ('40', '1', '2018-11-02 19:35:19', '0.01', null, '0', '277522496385708032');

-- ----------------------------
-- Table structure for redbags
-- ----------------------------
DROP TABLE IF EXISTS `redbags`;
CREATE TABLE `redbags` (
  `id` int(11) NOT NULL AUTO_INCREMENT,
  `user_id` int(11) NOT NULL,
  `created_at` datetime NOT NULL DEFAULT CURRENT_TIMESTAMP ON UPDATE CURRENT_TIMESTAMP,
  PRIMARY KEY (`id`)
) ENGINE=InnoDB AUTO_INCREMENT=3 DEFAULT CHARSET=utf8;

-- ----------------------------
-- Records of redbags
-- ----------------------------
INSERT INTO `redbags` VALUES ('2', '1', '2018-09-20 20:40:16');

-- ----------------------------
-- Table structure for user
-- ----------------------------
DROP TABLE IF EXISTS `user`;
CREATE TABLE `user` (
  `id` int(255) NOT NULL AUTO_INCREMENT,
  `email` varchar(255) NOT NULL,
  `pwd` varchar(255) NOT NULL,
  `money` decimal(10,0) DEFAULT NULL,
  `face` varchar(255) DEFAULT NULL,
  PRIMARY KEY (`id`)
) ENGINE=InnoDB AUTO_INCREMENT=22 DEFAULT CHARSET=utf8;

-- ----------------------------
-- Records of user
-- ----------------------------
INSERT INTO `user` VALUES ('1', 'haoran_ya@126.com', 'e10adc3949ba59abbe56e057f20f883e', '470', '/upload/face/20180920/5ba358417e8f1.jpeg');
INSERT INTO `user` VALUES ('2', '5433344561@126.com', 'e10adc3949ba59abbe56e057f20f883e', null, null);
INSERT INTO `user` VALUES ('3', '8722524278@126.com', 'e10adc3949ba59abbe56e057f20f883e', null, null);
INSERT INTO `user` VALUES ('4', '588345738@126.com', 'e10adc3949ba59abbe56e057f20f883e', null, null);
INSERT INTO `user` VALUES ('5', '3541194924@126.com', 'e10adc3949ba59abbe56e057f20f883e', null, null);
INSERT INTO `user` VALUES ('6', '7109346760@126.com', 'e10adc3949ba59abbe56e057f20f883e', null, null);
INSERT INTO `user` VALUES ('7', '7400051844@126.com', 'e10adc3949ba59abbe56e057f20f883e', null, null);
INSERT INTO `user` VALUES ('8', '3851132801@126.com', 'e10adc3949ba59abbe56e057f20f883e', null, null);
INSERT INTO `user` VALUES ('9', '9092825518@126.com', 'e10adc3949ba59abbe56e057f20f883e', null, null);
INSERT INTO `user` VALUES ('10', '6603178966@126.com', 'e10adc3949ba59abbe56e057f20f883e', null, null);
INSERT INTO `user` VALUES ('11', '8638054839@126.com', 'e10adc3949ba59abbe56e057f20f883e', null, null);
INSERT INTO `user` VALUES ('12', '5082569089@126.com', 'e10adc3949ba59abbe56e057f20f883e', null, null);
INSERT INTO `user` VALUES ('13', '4299181877@126.com', 'e10adc3949ba59abbe56e057f20f883e', null, null);
INSERT INTO `user` VALUES ('14', '1694362390@126.com', 'e10adc3949ba59abbe56e057f20f883e', null, null);
INSERT INTO `user` VALUES ('15', '4682447887@126.com', 'e10adc3949ba59abbe56e057f20f883e', null, null);
INSERT INTO `user` VALUES ('16', '6444174721@126.com', 'e10adc3949ba59abbe56e057f20f883e', null, null);
INSERT INTO `user` VALUES ('17', '3064776146@126.com', 'e10adc3949ba59abbe56e057f20f883e', null, null);
INSERT INTO `user` VALUES ('18', '2026012098@126.com', 'e10adc3949ba59abbe56e057f20f883e', null, null);
INSERT INTO `user` VALUES ('19', '7582424395@126.com', 'e10adc3949ba59abbe56e057f20f883e', null, null);
INSERT INTO `user` VALUES ('20', '1433869405@126.com', 'e10adc3949ba59abbe56e057f20f883e', null, null);
INSERT INTO `user` VALUES ('21', 'xueninyuan@126.com', '3a933c824299fd910c63b26312a774a1', null, null);
